SCHOOL_ID,SCHOOL_NM,SCH_ADDR,GRADE_CAT,GRADES,SCH_TYPE,LNG,LAT
400009,GLOBAL CITIZENSHIP CHTR,"4647 W 47th St, 60632",ES,"K, 1, 2, 3, 4, 5, 6, 7",Charter,-87.7400974361,41.807578508
400010,ACE TECHNICAL CHTR HS,"5410 S State St, 60609",HS,"9, 10, 11, 12",Charter,-87.6258490371,41.79612151
400011,"LOCKE, A CHTR","3141 W Jackson Blvd, 60612",ES,"PK, K, 1, 2, 3, 4, 5, 6, 7, 8",Charter,-87.7052345263,41.877248353
400012,AMANDLA CHTR HS,"6800 S Stewart Ave, 60621",HS,"5, 6, 7, 8, 9, 10, 11",Charter,-87.6354715693,41.7708022549
400013,ASPIRA CHTR - EARLY COLLEGE HS,"3986 W Barry Ave, 60618",HS,"9, 10, 11, 12",Charter,-87.7270956582,41.9372982854
400015,ASPIRA CHTR - RAMIREZ HS,"1711 N California Ave, 60647",HS,12,Charter,-87.6955218301,41.9124976075
400017,ASPIRA CHTR - HAUGAN,"3729 W Leland Ave, 60625",ES,"6, 7, 8",Charter,-87.7218246656,41.9664056681
400018,AUSTIN BUS & ENTRP HS,"231 N Pine Ave, 60644",HS,"9, 10, 11, 12",District,-87.7618910169,41.8842046721
400019,BRONZEVILLE LIGHTHOUSE CHTR,"8 W Root St, 60609",ES,"K, 1, 2, 3, 4, 5, 6, 7, 8",Charter,-87.6266218015,41.8192766112
400020,CATALYST CHTR - HOWLAND,"1616 S Spaulding Ave, 60623",ES,"K, 1, 2, 3, 4, 5, 6, 7, 8",Charter,-87.7076985188,41.8585532887
400021,CATALYST CHTR - CIRCLE ROCK,"5608 W Washington Blvd, 60644",ES,"K, 1, 2, 3, 4, 5, 6, 7, 8",Charter,-87.7653219783,41.8823222215
400022,CHGO ARTS CONTR HS,"2714 W Augusta Blvd, 60622",HS,"9, 10, 11, 12",Contract,-87.6949450113,41.8993765736
400023,CICS - AVALON / SOUTH SHORE,"1501 E 83rd Pl, 60619",ES,"K, 1, 2, 3, 4, 5, 6, 7, 8",Charter,-87.5879276411,41.7431794208
400024,CICS - BASIL,"1816 W Garfield Blvd, 60609",ES,"K, 1, 2, 3, 4, 5, 6, 7, 8",Charter,-87.6702426574,41.7940428641
400025,CICS - BUCKTOWN,"2235 N Hamilton Ave, 60647",ES,"K, 1, 2, 3, 4, 5, 6, 7, 8",Charter,-87.6813579646,41.9224146303
400026,CICS - LOOMIS,"9535 S Loomis St, 60643",ES,"K, 1, 2",Charter,-87.6575610581,41.7202464236
400027,CICS - IRVING PARK,"3820 N Spaulding Ave, 60618",ES,"K, 1, 2, 3, 4, 5, 6, 7, 8",Charter,-87.7104924287,41.9508912753
400028,CICS - PRAIRIE,"11530 S Prairie Ave, 60628",ES,"K, 1, 2, 3, 4, 5, 6, 7, 8",Charter,-87.6168883821,41.6844330391
400029,CICS - WASHINGTON PARK,"6105 S Michigan Ave, 60637",ES,"K, 1, 2, 3, 4, 5, 6, 7, 8",Charter,-87.6220684545,41.783616847
400030,CICS - WEST BELDEN,"2245 N McVicker Ave, 60639",ES,"K, 1, 2, 3, 4, 5, 6, 7, 8",Charter,-87.7767485391,41.9216874956
400031,CICS - WRIGHTWOOD,"8130 S California Ave, 60652",ES,"K, 1, 2, 3, 4, 5, 6, 7, 8",Charter,-87.692614399,41.745365451
400032,CICS - ELLISON,"1817 W 80th St, 60620",HS,"9, 10, 11, 12",Charter,-87.6689796393,41.7483824088
400033,CICS - LONGWOOD,"1309 W 95th St, 60643",ES,"3, 4, 5, 6, 7, 8, 9, 10, 11, 12",Charter,-87.6557681329,41.7212214333
400034,CICS - NORTHTOWN,"3900 W Peterson Ave, 60659",HS,"9, 10, 11, 12",Charter,-87.7265042644,41.990245012
400035,CHGO MATH & SCI ACAD CHTR HS,"7212 N Clark St, 60626",HS,"6, 7, 8, 9, 10, 11, 12",Charter,-87.6748184179,42.0130314901
400036,CHICAGO VIRTUAL CHTR HS,"38 S Peoria St, 60607",ES,"K, 1, 2, 3, 4, 5, 6, 7, 8, 9, 10, 11, 12",Charter,-87.6497724849,41.8805501125
400038,COMMUNITY CONTR,"1239 S Pulaski Rd, 60623",HS,"11, 12",Contract,-87.7250220202,41.8649522598
400039,ERIE CHTR,"1405 N Washtenaw Ave, 60622",ES,"K, 1, 2, 3, 4, 5, 6, 7, 8",Charter,-87.6943644455,41.9067706354
400040,FRAZIER CHTR,"3711 W Douglas Blvd, 60624",ES,"PK, K, 1, 2, 3, 4, 5, 6, 7, 8",Charter,-87.7176419761,41.8620768642
400041,GALAPAGOS CHTR,"3814 W Iowa St, 60651",ES,"K, 1, 2, 3, 4, 5, 6, 7, 8",Charter,-87.7219590387,41.897313025
400042,FORD CHTR HS,"931 S Homan Ave, 60624",HS,12,Charter,-87.7103018762,41.8693184768
400043,HOPE CONTR ES,"1628 W Washington, 60612",ES,"K, 1, 2, 3, 4, 5",Contract,-87.6680769459,41.8833620272
400044,KIPP CHTR - ASCEND,"1616 S Avers Ave, 60623",ES,"1, 2, 3, 4, 5, 6, 7, 8",Charter,-87.7210706467,41.8583697441
400045,NKRUMAH CHTR,"314 W 108th St, 60628",ES,"K, 1, 2, 3, 4, 5, 6, 7",Charter,-87.6310581484,41.6980404885
400046,LEARN CHTR - BUTLER,"1132 S Homan Ave, 60624",ES,"PK, K, 1, 2, 3, 4, 5, 6, 7, 8",Charter,-87.7106794802,41.8672727143
400047,LEARN CHTR - CAMPBELL,"212 S Francisco Ave, 60612",ES,"K, 1, 2, 3, 4, 5",Charter,-87.6987387202,41.8778606316
400048,LEARN CHTR - EXCEL,"2401 W Congress Pkwy, 60612",ES,"K, 1, 2, 3, 4, 5",Charter,-87.6865683709,41.8746871412
400049,LEGACY CHTR,"4217 W 18th St, 60623",ES,"PK, K, 1, 2, 3, 4, 5, 6, 7, 8",Charter,-87.7303481482,41.8568591586
400050,NAMASTE CHTR,"3737 S Paulina St, 60609",ES,"K, 1, 2, 3, 4, 5, 6, 7, 8",Charter,-87.6677240431,41.82569976
400051,NOBLE CHTR - NOBLE,"1010 N Noble St, 60642",HS,"9, 10, 11, 12",Charter,-87.6626277817,41.900190521
400052,NOBLE CHTR - COMER,"7200 S Ingleside Ave, 60619",HS,"6, 7, 8, 9, 10, 11, 12",Charter,-87.6019735726,41.7640829933
400053,NOBLE CHTR - GOLDER,"1454 W Superior St, 60642",HS,"9, 10, 11, 12",Charter,-87.6644829983,41.8952821943
400054,NOBLE CHTR - PRITZKER,"4131 W Cortland Ave, 60639",HS,"9, 10, 11, 12",Charter,-87.7301267151,41.9152141071
400055,NOBLE CHTR - RAUNER,"1337 W Ohio St, 60642",HS,"9, 10, 11, 12",Charter,-87.6608588702,41.8924250127
400056,NOBLE CHTR - ROWE CLARK,"3645 W Chicago Ave, 60651",HS,"9, 10, 11, 12",Charter,-87.7180467675,41.8953622587
400057,NOBLE CHTR - UIC,"1231 S Damen Ave, 60608",HS,"9, 10, 11, 12",Charter,-87.6761109293,41.8658174138
400058,NTH LAWNDALE CHTR - CHRISTIANA,"1615 S. Christiana Ave., 60623",HS,"9, 10, 11, 12",Charter,-87.7089871107,41.8585635545
400059,NORTH LAWNDALE CHTR - COLLINS,"1313 S Sacramento Dr, 60623",HS,"9, 10, 11, 12",Charter,-87.7006806005,41.8641458434
400060,ASIAN HUMAN SERVICES CHTR - PASSAGES,"1643 W Bryn Mawr Ave, 60660",ES,"PK, K, 1, 2, 3, 4, 5, 6, 7, 8",Charter,-87.6711604196,41.9833714364
400061,PERSPECTIVES CHTR - LEADERSHIP ACADEMY,"8131 S May St, 60620",HS,"6, 7, 8, 9, 10, 11, 12",Charter,-87.652045088,41.745960832
400062,PERSPECTIVES CHTR - TECH HS,"8131 S May St, 60620",HS,"9, 10, 11, 12",Charter,-87.6506570243,41.7459490195
400064,PERSPECTIVES CHTR - JOSLIN,"1930 S Archer Ave, 60616",HS,"6, 7, 8, 9, 10, 11, 12",Charter,-87.6285309013,41.855999105
400066,PERSPECTIVES CHTR - IIT,"3663 S Wabash Ave, 60653",HS,"6, 7, 8, 9, 10, 11, 12",Charter,-87.6247877203,41.8277838575
400068,PLATO CONTR,"5545 W Harrison St, 60644",ES,"K, 1, 2, 3, 4, 5, 6, 7, 8",Contract,-87.7633369322,41.8727604288
400069,POLARIS CHTR,"620 N Sawyer Ave, 60624",ES,"K, 1, 2, 3, 4, 5, 6, 7, 8",Charter,-87.7077964743,41.8925501743
400070,PROLOGUE CONTR HS,"1135 N Cleaver St, 60622",HS,"9, 10, 11, 12",Contract,-87.6635408086,41.90307018
400071,PROVIDENCE CHTR - BUNCHE,"6515 S Ashland Ave, 60636",ES,"K, 1, 2, 3, 4, 5, 6, 7, 8",Charter,-87.6639958298,41.7753673679
400072,SHABAZZ CHTR - SHABAZZ,"7823 S Ellis Ave, 60619",ES,"K, 1, 2, 3, 4, 5, 6, 7, 8",Charter,-87.6002545537,41.7524584893
400073,SHABAZZ CHTR - DUSABLE,"4934 S Wabash Ave, 60615",HS,"11, 12",Charter,-87.62501515,41.8043093269
400074,SHABAZZ CHTR - SIZEMORE,"6936 S Hermitage Ave, 60636",ES,"K, 1, 2, 3, 4, 5, 6, 7, 8",Charter,-87.6676390078,41.7673901132
400075,UNIV OF CHGO CHTR - DONOGHUE,"707 E 37th St, 60653",ES,"PK, K, 1, 2, 3, 4, 5",Charter,-87.6085007807,41.8277260817
400076,UNIV OF CHGO CHTR - NKO,"1119 E 46th St, 60653",ES,"PK, K, 1, 2, 3, 4, 5",Charter,-87.5987862682,41.811182867
400077,UNIV OF CHGO CHTR - WOODLAWN,"6420 S University Ave, 60637",HS,"6, 7, 8, 9, 10, 11, 12",Charter,-87.5981139196,41.7781296984
400078,UNIV OF CHGO CHTR - WOODSON,"4444 S Evans Ave, 60653",ES,"6, 7, 8",Charter,-87.608425622,41.8135473046
400079,UNO CHTR - SPC DANIEL ZIZUMBO,"4248 W 47th St, 60632",ES,"K, 1, 2, 3, 4, 5, 6, 7, 8",Charter,-87.7304951171,41.8101347874
400080,UNO CHTR - PFC OMAR E.TORRES,"4248 W 47th St, 60632",ES,"K, 1, 2, 3, 4, 5, 6, 7, 8",Charter,-87.7304504432,41.8081998067
400081,UNO CHTR - DE LAS CASAS,"1641 W 16th St, 60608",ES,"K, 1, 2, 3, 4, 5, 6, 7, 8",Charter,-87.6679491694,41.8595040084
400082,UNO CHTR - FUENTES,"2845 W Barry Ave, 60618",ES,"K, 1, 2, 3, 4, 5, 6, 7, 8",Charter,-87.6995936516,41.9374757762
400083,UNO CHTR - PAZ,"2651 W 23rd St, 60608",ES,"K, 1, 2, 3, 4, 5, 6, 7, 8",Charter,-87.6925508987,41.8500354133
400084,UNO CHTR - TAMAYO,"5135 S California Ave, 60632",ES,"K, 1, 2, 3, 4, 5, 6, 7, 8",Charter,-87.693861636,41.799930187
400085,UNO CHTR - MAJOR HECTOR P.GARCIA,"4248 W 47th St, 60632",HS,"9, 10, 11, 12",Charter,-87.7304668491,41.8091707899
400086,URBAN PREP CHTR - ENGLEWOOD,"6201 S Stewart Ave, 60621",HS,"9, 10, 11, 12",Charter,-87.6343566919,41.7814978168
400087,YOUNG WOMEN'S LEADERSHIP CHTR,"2641 S Calumet Ave, 60616",HS,"7, 8, 9, 10, 11, 12",Charter,-87.6187237962,41.8445438065
400089,UNO CHTR - MARQUEZ,"2916 W 47th St, 60632",ES,"K, 1, 2, 3, 4, 5, 6, 7, 8",Charter,-87.6973940968,41.8083088242
400091,CHICAGO TECH ACADEMY,"1301 W 14th St, 60608",HS,"9, 10, 11, 12",Contract,-87.6590948034,41.863301409
400092,CICS - LLOYD BOND,"13300 S Langley Ave, 60827",ES,"K, 1, 2, 3, 4, 5, 6",Charter,-87.6050391022,41.6536634504
400094,EPIC CHTR HS,"8255 S Houston Ave, 60617",HS,"9, 10, 11, 12",Charter,-87.5502223699,41.7448491061
400096,ROWE CHTR,"1424 N Cleaver St, 60642",ES,"K, 1, 2, 3, 4, 5, 6, 7",Charter,-87.6640724683,41.907797179
400097,NOBLE CHTR - CHGO BULLS,"2040 W Adams St, 60612",HS,"9, 10, 11, 12",Charter,-87.6781952601,41.878808809
400098,NOBLE CHTR - MUCHIN,"1 N State St, 60602",HS,"9, 10, 11, 12",Charter,-87.6263382826,41.8827402583
400101,UNO CHTR - SANDRA CISNEROS,"2744 W Pershing Rd, 60632",ES,"K, 1, 2, 3, 4, 5, 6, 7, 8",Charter,-87.6939961617,41.8228837416
400102,URBAN PREP CHTR - WEST,"1326 W 14th Pl, 60608",HS,"9, 10, 11, 12",Charter,-87.6601065401,41.8625400198
400104,INSTITUTO CHTR - HEALTH SCIENCES,"2520 S Western Ave, 60608",HS,"9, 10, 11, 12",Charter,-87.6872401586,41.8459665888
400105,URBAN PREP CHTR - BRONZEVILLE,"521 E 35th St, 60616",HS,"9, 10, 11, 12",Charter,-87.6136286474,41.8311175313
400106,NOBLE CHTR - JOHNSON,"6350 S Stewart Ave, 60621",HS,"9, 10, 11, 12",Charter,-87.6351166981,41.778369499
400107,LEARN CHRT - SOUTH CHICAGO,"8914 S Buffalo Ave, 60617",ES,"K, 1, 2, 3, 4, 5, 6, 7",Charter,-87.5455798925,41.7333331332
400108,CICS - HAWKINS,"801 E 133rd Pl, 60827",HS,"7, 8, 9, 10, 11, 12",Charter,-87.6018732837,41.6531410576
400109,PROLOGUE - JOHNSTON CHTR HS,"1551 W 95th St, 60643",HS,"9, 10, 11, 12",Charter,-87.6624156534,41.7211364554
400111,LEARN CHTR - HUNTER PERKINS,"1700 W 83rd St, 60620",ES,"K, 1, 2, 3, 4, 5, 6",Charter,-87.665721055,41.7431217705
400112,UNO CHTR - HOMAN ES,"5050 S Homan Ave, 60632",ES,"K, 1, 2, 3, 4, 5, 6, 7, 8",Charter,-87.7087967837,41.8010424143
400113,CICS - CHICAGOQUEST NORTH,"1443 N Ogden Ave, 60610",HS,"6, 7, 8, 9, 10",Charter,-87.6455614992,41.907796796
400114,UNO CHTR - ESMERALDA SANTIAGO,"2510 W Cortez St, 60622",ES,"K, 1, 2, 3, 4, 5, 6, 7, 8",Charter,-87.6898956253,41.9003436354
400115,CATALYST CHTR - MARIA,"6727 S California Ave, 60629",ES,"K, 1, 2, 3, 4, 5, 6, 7, 9, 10, 11, 12",Charter,-87.6930753223,41.7709917191
400116,MONTESSORI CHTR - ENGLEWOOD,"6550 S Seeley Ave, 60636",ES,"PK, K, 1, 2, 3, 4, 5, 6",Charter,-87.676146727,41.7745716026
400117,NOBLE CHTR - HANSBERRY,"8748 S Aberdeen St, 60620",HS,"9, 10, 11",Charter,-87.6509867281,41.7344416234
400118,NOBLE CHTR - DRW,"931 S Homan Ave, 60624",HS,"9, 10, 11",Charter,-87.711654226,41.8693280768
400119,LEGAL PREP CHTR ACADEMY,"4319 W Washington Blvd, 60612",HS,"9, 10, 11",Charter,-87.7337783826,41.8817327589
400120,UNO CHTR - NEAR WEST,"2050 N Natchez Ave, 60707",ES,"K, 1, 2, 3, 4, 5, 6, 7, 8",Charter,-87.7878304377,41.9179516801
400121,UNO CHTR - ROGERS PARK,"7416 N Ridge Blvd, 60645",ES,"K, 1, 2, 3, 4, 5, 6, 7, 8, 9, 10",Charter,-87.684405682,42.0164758821
400123,YCCS CHTR - ASA,"4651 W Madison St, 60644",HS,"10, 11, 12",Charter,-87.742538899,41.8804471877
400124,YCCS CHTR - MCKINLEY,"2920 S Wabash Ave, 60616",HS,"10, 11, 12",Charter,-87.6253307702,41.8413311677
400125,YCCS CHTR - ASPIRA PANTOJA,"3121 N Pulaski Rd, 60641",HS,"10, 11, 12",Charter,-87.7271373598,41.9381866036
400126,YCCS CHTR - ASSOCIATION HOUSE,"1116 N Kedzie Ave, 60651",HS,"10, 11, 12",Charter,-87.7068598834,41.9015724074
400127,YCCS CHTR - AUSTIN CAREER,"5352 W Chicago Ave, 60651",HS,"10, 11, 12",Charter,-87.7602211754,41.8949763912
400128,YCCS CHTR - CCA ACADEMY,"1231 S Pulaski Rd, 60623",HS,"10, 11, 12",Charter,-87.7236621719,41.864943353
400129,YCCS CHTR - HOUSTON,"4701 S King Dr, 60615",HS,"10, 11, 12",Charter,-87.6164772986,41.8093310913
400130,YCCS CHTR - YOUTH DEVELOPMENT,"7836 S Union Ave, 60620",HS,"10, 11, 12",Charter,-87.6417311869,41.7513771124
400131,YCCS CHTR - CAMPOS,"2739 W Division St, 60622",HS,"10, 11, 12",Charter,-87.6960060227,41.9028496977
400133,YCCS CHTR - INNOVATIONS,"17 N. State St., 60602",HS,"10, 11, 12",Charter,-87.6277341453,41.8830471721
400134,YCCS CHTR - ADDAMS,"1814 S Union Ave, 60616",HS,"10, 11",Charter,-87.6448879756,41.8572078569
400135,YCCS CHTR - LATINO YOUTH,"2001 S California Ave, 60608",HS,"10, 11, 12",Charter,-87.6954300137,41.8546646562
400136,YCCS CHTR - OLIVE HARVEY,"10001 S Woodlawn Ave, 60628",HS,"10, 11",Charter,-87.592333202,41.7129221008
400137,LITTLE BLACK PEARL ACADEMY HS,"1060 E 47th St, 60653",HS,"9, 10, 11, 12",Contract,-87.5993399405,41.8096954966
400139,YCCS CHTR - SULLIVAN,"8164 S South Chicago Ave, 60617",HS,"10, 11, 12",Charter,-87.5784916699,41.7462865703
400141,YCCS CHTR - TRUMAN,"1145 W Wilson Ave, 60640",HS,"10, 11, 12",Charter,-87.6592392899,41.9652948173
400142,YCCS CHTR - VIRTUAL,"1900 W Van Buren St, 60612",HS,"10, 11, 12",Charter,-87.6741384013,41.876316728
400143,YCCS CHTR - WEST TOWN,"500 N Sacramento Blvd, 60612",HS,"10, 11, 12",Charter,-87.7020528007,41.890803122
609708,FOREMAN HS,"3235 N LeClaire Ave, 60641",HS,"9, 10, 11, 12",District,-87.7541665434,41.9397967679
400144,YCCS CHTR - WESTSIDE HOLISTIC,"4909 W Division St, 60651",HS,"10, 11, 12",Charter,-87.7488102893,41.9022400327
400145,YCCS CHTR - COMMUNITY ACADEMY,"3424 S State St, 60616",HS,"10, 11, 12",Charter,-87.6267814695,41.832072059
400146,KIPP CHTR - CREATE,"4818 W Ohio St, 60644",ES,"5, 6, 7",Charter,-87.746613839,41.8918161429
400147,CHICAGO EXCEL CONTR ACAD,"1269 W 111th St, 60643",HS,"9, 10, 11, 12",Contract,-87.6542479426,41.6919533387
400148,INSTITUTO CHTR - JUSTICE  AND LEADERSHIP,"2570 S Blue Island Ave, 60608",HS,"10, 11, 12",Charter,-87.6840649381,41.8454460161
400149,UNO CHTR - SOCCER HS,"5025 S Saint Louis Ave, 60632",HS,"6, 7, 8, 9, 10",Charter,-87.7110249843,41.8017622463
400150,YCCS CHTR - CHATHAM,"9035 S Langley Ave, 60619",HS,"10, 11, 12",Charter,-87.6069799089,41.7301313853
400151,LEARN CHTR 7,"3021 W Carroll Ave, 60612Â",ES,"K, 1, 2, 3, 4",Charter,-87.7013973499,41.8874102851
400153,UNO CHTR 15 - BRIGHTON PARK,"4420 S Fairfield Ave, 60632",ES,"K, 1, 2, 3, 4, 5, 6, 7, 8",Charter,-87.6932383845,41.8131094456
400156,NOBLE CHTR - BUTLER,"821 E 103rd St, 60628",HS,"9, 10",Charter,-87.6025733174,41.7066668587
400157,NOBLE CHTR - BAKER COLLEGE PREP,"2710 E 89th St, 60617",HS,"9, 10",Charter,-87.5562014413,41.7346223717
400159,CHRISTOPHER HOUSE CHTR,"5235 W Belden Ave, 60639",ES,"K, 1, 2",Charter,-87.7575215283,41.9221811568
400161,CHICAGO CHTR COLLEGIATE,"11816 S Indiana Ave, 60628",HS,"4, 5, 6",Charter,-87.6179678712,41.6793184428
400162,INTRINSIC CHTR,"4540 W Belmont Ave, 60641",HS,"7, 9, 10",Charter,-87.7411286265,41.9389884289
400163,KIPP CHTR - BLOOM,"5515 S Lowe Ave, 60621",ES,"5, 6",Charter,-87.6399673312,41.793556268
400164,INSTITUTO CHTR - RUDY LOZANO,"2520 S Western Ave, 60608",HS,12,Charter,-87.685902611,41.8459566743
400165,LEARN CHTR MIDDLE SCHOOL,"3021 W Carroll Ave, 60612Â",ES,"6, 7, 8",Charter,-87.7027038987,41.8874127034
400167,HSA CHTR - SW CHICAGO,"5401 S. Western, 60609",ES,"K, 1, 2, 3, 4, 5, 6, 7, 8",Charter,-87.6839633929,41.7952009535
400169,NOBLE CHTR - ITW DAVID SPEER,"2456 N. Mango Ave., 60639",HS,9,Charter,-87.7698077738,41.9256302718
400170,NOBLE CHTR - ACADEMY,"17 N. State, 60602",HS,9,Charter,-87.6277425267,41.8821524844
400171,FOUNDATIONS CHTR,"1233 W. 109th Street, 60643",HS,"6, 7",Charter,-87.6535521889,41.6957785775
400173,PATHWAYS IN EDUCATION - BRIGHTON PARK HS,"3124 W. 47th Street, 60632",HS,"9, 10, 11, 12",ALOP,-87.7026447519,41.8082257859
400175,EXCEL ACADEMY - WOODLAWN,"7530 S South Shore Dr, 60649",HS,9,Contract,-87.5564870838,41.7597486397
400176,EXCEL ACADEMY - SOUTHWEST,"7014 S Washtenaw Ave, 60629",HS,9,Contract,-87.6907300914,41.7659289211
400177,KIPP CHTR - ASCEND PRIMARY,"1440 S. Christiana, 60623",ES,K,Charter,-87.7092868303,41.861174189
609674,CHICAGO VOCATIONAL HS,"2100 E 87th St, 60617",HS,"9, 10, 11, 12",District,-87.5732675156,41.7371739343
609676,DUNBAR HS,"3000 S King Dr, 60616",HS,"9, 10, 11, 12",District,-87.6176374351,41.8402255721
609678,JONES HS,"700 S State St, 60605",HS,"9, 10, 11, 12",District,-87.6276753225,41.8730659236
609679,PROSSER HS,"2148 N Long Ave, 60639",HS,"9, 10, 11, 12",District,-87.7610483155,41.9200594001
609680,PAYTON HS,"1034 N Wells St, 60610",HS,"9, 10, 11, 12",District,-87.6353847656,41.9015751701
609682,RICHARDS HS,"5009 S Laflin St, 60609",HS,"9, 10, 11, 12",District,-87.6622778453,41.8028813757
609691,NORTH-GRAND HS,"4338 W Wabansia Ave, 60639",HS,"9, 10, 11, 12",District,-87.7352375559,41.9116736928
609692,SIMEON HS,"8147 S Vincennes Ave, 60620",HS,"9, 10, 11, 12",District,-87.6354103687,41.7457812307
609693,GEORGE WESTINGHOUSE HS,"3223 W Franklin Blvd, 60624",HS,"9, 10, 11, 12",District,-87.7073323085,41.8899772037
609694,HANCOCK HS,"4034 W 56th St, 60629",HS,"9, 10, 11, 12",District,-87.7244704648,41.7914639094
609695,AMUNDSEN HS,"5110 N Damen Ave, 60625",HS,"9, 10, 11, 12",District,-87.6794842151,41.975067257
609698,BOGAN HS,"3939 W 79th St, 60652",HS,"9, 10, 11, 12",District,-87.7210974458,41.7493756101
609702,CRANE HS,"2245 W Jackson Blvd, 60612",HS,12,District,-87.6819731621,41.8769423008
609704,FARRAGUT HS,"2345 S Christiana Ave, 60623",HS,"PK, 9, 10, 11, 12",District,-87.7087056321,41.8485598751
609705,FENGER HS,"11220 S Wallace St, 60628",HS,"9, 10, 11, 12",District,-87.6375720507,41.6899507254
609707,ROBESON HS,"6835 S Normal Blvd, 60621",HS,"9, 10, 11, 12",District,-87.6371527175,41.769713796
609709,GAGE PARK HS,"5630 S Rockwell St, 60629",HS,"9, 10, 11, 12",District,-87.6889539422,41.7910128392
609710,HARLAN HS,"9652 S Michigan Ave, 60628",HS,"7, 8, 9, 10, 11, 12",District,-87.6206234365,41.7183723464
609711,HARPER HS,"6520 S Wood St, 60636",HS,"9, 10, 11, 12",District,-87.669089296,41.7751240841
609712,HIRSCH HS,"7740 S Ingleside Ave, 60619",HS,"9, 10, 11, 12",District,-87.6017272659,41.7537479561
609713,HYDE PARK HS,"6220 S Stony Island Ave, 60637",HS,"9, 10, 11, 12",District,-87.5866150102,41.7822569276
609715,KELLY HS,"4136 S California Ave, 60632",HS,"9, 10, 11, 12",District,-87.6946386599,41.8187290641
609716,KELVYN PARK HS,"4343 W Wrightwood Ave, 60639",HS,"7, 8, 9, 10, 11, 12",District,-87.735998822,41.9279184034
609718,KENNEDY HS,"6325 W 56th St, 60638",HS,"9, 10, 11, 12",District,-87.7808397556,41.7899612525
609719,LAKE VIEW HS,"4015 N Ashland Ave, 60613",HS,"9, 10, 11, 12",District,-87.6689526896,41.9547640678
609720,LANE HS,"2501 W Addison St, 60618",HS,"7, 8, 9, 10, 11, 12",District,-87.6910126273,41.9466445746
609722,MANLEY HS,"2935 W Polk St, 60612",HS,"9, 10, 11, 12",District,-87.6998955901,41.8709389569
609723,MARSHALL HS,"3250 W Adams St, 60624",HS,"9, 10, 11, 12",District,-87.70805007,41.8784440859
609724,MATHER HS,"5835 N Lincoln Ave, 60659",HS,"9, 10, 11, 12",District,-87.7024963959,41.9875886824
609725,MORGAN PARK HS,"1744 W Pryor Ave, 60643",HS,"7, 8, 9, 10, 11, 12",District,-87.665657545,41.6920350093
609726,BROOKS HS,"250 E 111th St, 60628",HS,"9, 10, 11, 12",District,-87.616352607,41.6927625288
609727,PHILLIPS HS,"244 E Pershing Rd, 60653",HS,"9, 10, 11, 12",District,-87.6197963459,41.8238799686
609728,ROOSEVELT HS,"3436 W Wilson Ave, 60625",HS,"9, 10, 11, 12",District,-87.7148186159,41.9648278847
609729,SCHURZ HS,"3601 N Milwaukee Ave, 60641",HS,"9, 10, 11, 12",District,-87.7356121102,41.9463645434
609730,SENN HS,"5900 N Glenwood Ave, 60660",HS,"9, 10, 11, 12",District,-87.6671361897,41.989028539
609732,STEINMETZ COLLEGE PREP HS,"3030 N Mobile Ave, 60634",HS,"9, 10, 11, 12",District,-87.783515233,41.935633588
609733,SULLIVAN HS,"6631 N Bosworth Ave, 60626",HS,"9, 10, 11, 12",District,-87.6691921456,42.002687559
609734,TAFT HS,"6530 W Bryn Mawr Ave, 60631",HS,"7, 8, 9, 10, 11, 12",District,-87.7915472489,41.9829609866
609735,TILDEN HS,"4747 S Union Ave, 60609",HS,"9, 10, 11, 12",District,-87.6429664837,41.8075100717
609736,DYETT HS,"555 E 51st St, 60615",HS,12,District,-87.6119307284,41.8020772346
609737,VON STEUBEN HS,"5039 N Kimball Ave, 60625",HS,"9, 10, 11, 12",District,-87.7133862533,41.9731850486
609738,LINCOLN PARK HS,"2001 N Orchard St, 60614",HS,"9, 10, 11, 12",District,-87.6460093598,41.9182683117
609739,WASHINGTON HS,"3535 E 114th St, 60617",HS,"9, 10, 11, 12",District,-87.5375703001,41.6881369364
609740,WELLS HS,"936 N Ashland Ave, 60622",HS,"9, 10, 11, 12",District,-87.6674828687,41.8989947082
609741,HUBBARD HS,"6200 S Hamlin Ave, 60629",HS,"9, 10, 11, 12",District,-87.7180137434,41.7805263875
609744,NORTHSIDE LEARNING HS,"3730 W Bryn Mawr Ave, 60659",HS,"9, 10, 11, 12",District,-87.7223862157,41.9829725222
609745,SOUTHSIDE HS,"7342 S Hoyne Ave, 60636",HS,12,District,-87.6759467675,41.7598524288
609746,KENWOOD HS,"5015 S Blackstone Ave, 60615",HS,"7, 8, 9, 10, 11, 12",District,-87.5904208897,41.8037721196
609748,YORK HS,"2700 S California Ave, 60608",HS,"9, 10, 11, 12",District,-87.6952610155,41.8425333488
609749,NORTHSIDE PREP HS,"5501 N Kedzie Ave, 60625",HS,"9, 10, 11, 12",District,-87.7087078003,41.981315283
609750,SIMPSON HS,"1321 S Paulina St, 60608",HS,"7, 8, 9, 10, 11, 12",District,-87.6687222293,41.8643654832
609751,KING HS,"4445 S Drexel Blvd, 60653",HS,"9, 10, 11, 12",District,-87.6038738615,41.8136754529
609753,CHGO AG HS,"3857 W 111th St, 60655",HS,"9, 10, 11, 12",District,-87.7177696726,41.6912207422
609754,CHGO MILITARY ACAD HS,"3519 S Giles Ave, 60653",HS,"9, 10, 11, 12",District,-87.6192155428,41.8305549779
609755,YOUNG HS,"211 S Laflin St, 60607",HS,"7, 8, 9, 10, 11, 12",District,-87.6642333428,41.8786025335
609756,CURIE HS,"4959 S Archer Ave, 60632",HS,"9, 10, 11, 12",District,-87.7220416549,41.8030602073
609759,CLEMENTE HS,"1147 N Western Ave, 60622",HS,"9, 10, 11, 12",District,-87.6869061464,41.9026257922
609760,CARVER MILITARY,"13100 S Doty Ave, 60627",HS,"9, 10, 11, 12",District,-87.5906203849,41.6562899518
609761,CORLISS HS,"821 E 103rd St, 60628",HS,"9, 10, 11, 12",District,-87.6012158766,41.7066596171
609762,JULIAN HS,"10330 S Elizabeth St, 60643",HS,"9, 10, 11, 12",District,-87.6537492111,41.7058589367
609764,JUAREZ HS,"2150 S Laflin St, 60608",HS,"9, 10, 11, 12",District,-87.6637324466,41.8526666002
609766,VAUGHN HS,"4355 N Linder Ave, 60641",HS,"9, 10",District,-87.7646631731,41.9603637969
609768,HOPE PREP HS,"5515 S Lowe Ave, 60621",HS,"9, 10, 11, 12",District,-87.6412441097,41.7935534675
609769,"GRAHAM,R HS","2347 S Wabash Ave, 60616",HS,"9, 10, 11, 12",District,-87.6253148158,41.849675418
609772,ADDAMS,"10810 S Avenue H, 60617",ES,"PK, K, 1, 2, 3, 4, 5, 6, 7, 8",District,-87.5329760419,41.6987388003
609773,AGASSIZ,"2851 N Seminary Ave, 60657",ES,"PK, K, 1, 2, 3, 4, 5, 6, 7, 8",District,-87.6562286679,41.9341262982
609777,ARMOUR,"950 W 33rd Pl, 60608",ES,"PK, K, 1, 2, 3, 4, 5, 6, 7, 8",District,-87.6506531559,41.8338539099
609779,"ARMSTRONG, G","2110 W Greenleaf Ave, 60645",ES,"PK, K, 1, 2, 3, 4, 5, 6, 7, 8",District,-87.6844418272,42.0101499844
609780,MARINE ACAD AT AMES,"1920 N Hamlin Ave, 60647",HS,"7, 8, 9, 10, 11, 12",District,-87.7217423174,41.9160446336
609781,ATTUCKS,"5055 S State St, 60609",ES,"2, 3, 4, 5, 6, 7, 8",District,-87.6257833861,41.8021126068
609782,AUDUBON,"3500 N Hoyne Ave, 60618",ES,"PK, K, 1, 2, 3, 4, 5, 6, 7, 8",District,-87.6810410533,41.945062225
609783,JEFFERSON ALT HS,"1100 S Hamilton Ave, 60612",HS,"6, 7, 8, 9, 10, 11, 12",District,-87.6804175551,41.8678322858
609786,AVALON PARK,"8045 S Kenwood Ave, 60619",ES,"PK, K, 1, 2, 3, 4, 5, 6, 7, 8",District,-87.5916538107,41.7482469944
609788,BARNARD,"10354 S Charles St, 60643",ES,"PK, K, 1, 2, 3, 4, 5, 6, 7, 8",District,-87.6580742242,41.7051310117
609789,BARRY,"2828 N Kilbourn Ave, 60641",ES,"PK, K, 1, 2, 3, 4, 5, 6",District,-87.7393883513,41.9325105835
609790,BARTON,"7650 S Wolcott Ave, 60620",ES,"PK, K, 1, 2, 3, 4, 5, 6, 7, 8",District,-87.6709271289,41.7541938505
609791,BASS,"1140 W 66th St, 60621",ES,"PK, K, 1, 2, 3, 4, 5, 6, 7, 8",District,-87.6535324197,41.7742464509
609792,BATEMAN,"4220 N Richmond St, 60618",ES,"PK, K, 1, 2, 3, 4, 5, 6, 7, 8",District,-87.7021509622,41.9582198394
609793,NICHOLSON TECH ACAD,"6006 S Peoria St, 60621",ES,"PK, K, 1, 2, 3, 4, 5, 6, 7, 8",District,-87.6474528422,41.7849423802
609794,"EDISON, T","4929 N Sawyer Ave, 60625",ES,"K, 1, 2, 3, 4, 5, 6, 7, 8",District,-87.709303666,41.971506097
609795,"CLARK, G","1045 S Monitor Ave, 60644",ES,"PK, K, 1, 2, 3, 4, 5, 6, 7, 8",District,-87.7704175268,41.8678125685
609796,BEAUBIEN,"5025 N Laramie Ave, 60630",ES,"PK, K, 1, 2, 3, 4, 5, 6, 7, 8",District,-87.7575650395,41.9723939452
609797,BEIDLER,"3151 W Walnut St, 60612",ES,"PK, K, 1, 2, 3, 4, 5, 6, 7, 8",District,-87.7058548125,41.8853210405
609798,BELDING,"4257 N Tripp Ave, 60641",ES,"PK, K, 1, 2, 3, 4, 5, 6, 7, 8",District,-87.7340197291,41.9589384942
609799,BELL,"3730 N Oakley Ave, 60618",ES,"K, 1, 2, 3, 4, 5, 6, 7, 8",District,-87.6860182445,41.949529799
609800,BENNETT,"10115 S Prairie Ave, 60628",ES,"PK, K, 1, 2, 3, 4, 5, 6, 7, 8",District,-87.6173904557,41.7104349496
609803,BLAINE,"1420 W Grace St, 60613",ES,"PK, K, 1, 2, 3, 4, 5, 6, 7, 8",District,-87.6649678443,41.9507805187
609804,BOONE,"6710 N Washtenaw Ave, 60645",ES,"PK, K, 1, 2, 3, 4, 5, 6, 7, 8",District,-87.697462822,42.0034116077
609805,JOPLIN,"7931 S Honore St, 60620",ES,"PK, K, 1, 2, 3, 4, 5, 6, 7, 8",District,-87.6693656498,41.7493391618
609806,BRADWELL,"7736 S Burnham Ave, 60649",ES,"PK, K, 1, 2, 3, 4, 5, 6, 7, 8",District,-87.5571419705,41.7543651322
609807,HAMPTON,"3434 W 77th St, 60652",ES,"K, 1, 2, 3, 4, 5, 6, 7, 8",District,-87.7087312849,41.7534571934
609808,HALEY,"11411 S Eggleston Ave, 60628",ES,"PK, K, 1, 2, 3, 4, 5, 6, 7, 8",District,-87.6336321364,41.6866599705
609809,BRENTANO,"2723 N Fairfield Ave, 60647",ES,"PK, K, 1, 2, 3, 4, 5, 6, 7, 8",District,-87.6962941984,41.9309660966
609810,BRIDGE,"3800 N New England Ave, 60634",ES,"PK, K, 1, 2, 3, 4, 5, 6, 7, 8",District,-87.79866892,41.9491143867
609811,BRIGHT,"10740 S Calhoun Ave, 60617",ES,"PK, K, 1, 2, 3, 4, 5, 6, 7, 8",District,-87.5620842294,41.6997262217
609812,"BROWN, W","54 N Hermitage Ave, 60612",ES,"PK, K, 1, 2, 3, 4, 5, 6, 7, 8",District,-87.6706823911,41.8829967847
609813,BROWNELL,"6741 S Michigan Ave, 60637",ES,"PK, K, 1, 2, 3, 4, 5, 6",District,-87.6217459686,41.7716203601
609815,BOUCHET,"7355 S Jeffery Blvd, 60649",ES,"PK, K, 1, 2, 3, 4, 5, 6, 7, 8",District,-87.5760748577,41.7608474811
609817,BUDLONG,"2701 W Foster Ave, 60625",ES,"PK, K, 1, 2, 3, 4, 5, 6, 7, 8",District,-87.6965560322,41.9757543307
609818,BURBANK,"2035 N Mobile Ave, 60639",ES,"PK, K, 1, 2, 3, 4, 5, 6, 7, 8",District,-87.7826995704,41.917598138
609819,BURKE,"5356 S King Dr, 60615",ES,"PK, K, 1, 2, 3, 4, 5, 6, 7, 8",District,-87.6161405241,41.7967595641
609820,BURLEY,"1630 W Barry Ave, 60657",ES,"PK, K, 1, 2, 3, 4, 5, 6, 7, 8",District,-87.6698531236,41.9379374742
609821,BURNHAM,"9928 S Crandon Ave, 60617",ES,"PK, K, 1, 2, 3, 4, 5, 6, 7, 8",District,-87.5671305914,41.7144020628
609826,CASTELLANOS,"2524 S Central Park Ave, 60623",ES,"4, 5, 6, 7, 8",District,-87.7149270137,41.8454498794
609827,BURNSIDE,"650 E 91st Pl, 60619",ES,"PK, K, 1, 2, 3, 4, 5, 6, 7, 8",District,-87.6074353215,41.7284806386
609828,BURR,"1621 W Wabansia Ave, 60622",ES,"PK, K, 1, 2, 3, 4, 5, 6, 7, 8",District,-87.668660604,41.9123579084
609829,BURROUGHS,"3542 S Washtenaw Ave, 60632",ES,"PK, K, 1, 2, 3, 4, 5, 6, 7, 8",District,-87.6924566287,41.8288679076
609830,BRUNSON,"932 N Central Ave, 60651",ES,"PK, K, 1, 2, 3, 4, 5, 6, 7, 8",District,-87.7656056579,41.8976625721
609832,BYRNE,"5329 S Oak Park Ave, 60638",ES,"K, 1, 2, 3, 4, 5, 6, 7, 8",District,-87.7915444827,41.7950309652
609833,CALDWELL,"8546 S Cregier Ave, 60617",ES,"PK, K, 1, 2, 3, 4, 5, 6, 7, 8",District,-87.5807290277,41.7392263556
609834,LITTLE VILLAGE,"2620 S Lawndale Ave, 60623",ES,"PK, K, 1, 2, 3, 4, 5, 6, 7, 8",District,-87.7173189528,41.8436981186
609835,CAMERON,"1234 N Monticello Ave, 60651",ES,"PK, K, 1, 2, 3, 4, 5, 6, 7, 8",District,-87.7179266353,41.9037921184
609836,CANTY,"3740 N Panama Ave, 60634",ES,"PK, K, 1, 2, 3, 4, 5, 6, 7, 8",District,-87.8292957006,41.9480070282
609837,CARNEGIE,"1414 E 61st Pl, 60637",ES,"PK, K, 1, 2, 3, 4, 5, 6, 7, 8",District,-87.5907950088,41.7833683238
609839,CARROLL,"2929 W 83rd St, 60652",ES,"PK, K, 1, 2, 3, 4, 5, 6, 7, 8",District,-87.6960120755,41.742516627
609842,CARSON,"5516 S Maplewood Ave, 60629",ES,"PK, K, 1, 2, 3, 4, 5, 6, 7, 8",District,-87.6877995433,41.7932721444
609844,CARTER,"5740 S Michigan Ave, 60637",ES,"PK, K, 1, 2, 3, 4, 5, 6, 7, 8",District,-87.6224527522,41.7898279056
609845,"CARVER, G","901 E 133rd Pl, 60827",ES,"PK, K, 1, 2, 3, 4, 5, 6, 7, 8",District,-87.5995156323,41.6537021161
609848,ALDRIDGE,"630 E 131st St, 60827",ES,"PK, K, 1, 2, 3, 4, 5, 6, 7, 8",District,-87.6064738472,41.6574049704
609849,CASSELL,"11314 S Spaulding Ave, 60655",ES,"K, 1, 2, 3, 4, 5, 6, 7, 8",District,-87.7032154885,41.6873470555
609850,GREELEY,"832 W Sheridan Rd, 60613",ES,"PK, K, 1, 2, 3, 4, 5, 6, 7, 8",District,-87.6509798691,41.9528095123
609851,CHALMERS,"2745 W Roosevelt Rd, 60608",ES,"PK, K, 1, 2, 3, 4, 5, 6, 7, 8",District,-87.695259369,41.8664352526
609852,CHAPPELL,"2135 W Foster Ave, 60625",ES,"PK, K, 1, 2, 3, 4, 5, 6, 7, 8",District,-87.6832635916,41.9758943009
609853,CHASE,"2021 N Point St, 60647",ES,"PK, K, 1, 2, 3, 4, 5, 6, 7, 8",District,-87.6945622511,41.9179926533
609854,CHOPIN,"2450 W Rice St, 60622",ES,"PK, K, 1, 2, 3, 4, 5, 6, 7, 8",District,-87.6889367623,41.8967126893
609855,CHRISTOPHER,"5042 S Artesian Ave, 60632",ES,"K, 1, 2, 3, 4, 5, 6, 7, 8",District,-87.6856070028,41.8016586247
609856,CLAY,"13231 S Burley Ave, 60633",ES,"PK, K, 1, 2, 3, 4, 5, 6, 7, 8",District,-87.5446135978,41.6545581489
609857,CLEVELAND,"3121 W Byron St, 60618",ES,"PK, K, 1, 2, 3, 4, 5, 6, 7, 8",District,-87.7064425256,41.9520421219
609859,CLINTON,"6110 N Fairfield Ave, 60659",ES,"PK, K, 1, 2, 3, 4, 5, 6, 7, 8",District,-87.6983599546,41.9925413605
609861,CLISSOLD,"2350 W 110th Pl, 60643",ES,"K, 1, 2, 3, 4, 5, 6, 7, 8",District,-87.6808967872,41.6930260068
609862,COLES,"8441 S Yates Blvd, 60617",ES,"PK, K, 1, 2, 3, 4, 5, 6, 7, 8",District,-87.5659697713,41.7414128074
609863,COLUMBUS,"1003 N Leavitt St, 60622",ES,"PK, K, 1, 2, 3, 4, 5, 6, 7, 8",District,-87.6819380494,41.8995657758
609864,COOK,"8150 S Bishop St, 60620",ES,"PK, K, 1, 2, 3, 4, 5, 6, 7, 8",District,-87.6597745903,41.7452370218
609865,JORDAN,"7414 N Wolcott Ave, 60626",ES,"PK, K, 1, 2, 3, 4, 5, 6, 7, 8",District,-87.6777625167,42.0170875916
609866,COONLEY,"4046 N Leavitt St, 60618",ES,"PK, K, 1, 2, 3, 4, 5, 6, 7, 8",District,-87.6837653004,41.9555531951
609867,COOPER,"1624 W 19th St, 60608",ES,"PK, K, 1, 2, 3, 4, 5",District,-87.6672270843,41.8560311925
609869,LANGFORD,"6010 S Throop St, 60636",ES,"PK, K, 1, 2, 3, 4, 5, 6, 7, 8",District,-87.6571692056,41.7846808615
609870,CORKERY,"2510 S Kildare Ave, 60623",ES,"PK, K, 1, 2, 3, 4, 5, 6, 7, 8",District,-87.7311928652,41.8456024226
609871,VICK,"2554 W 113th St, 60655",ES,PK,District,-87.6856765975,41.6881908382
609872,PEREZ,"1241 W 19th St, 60608",ES,"PK, K, 1, 2, 3, 4, 5, 6, 7, 8",District,-87.6579801282,41.8560287232
609873,CROWN,"2128 S Saint Louis Ave, 60623",ES,"PK, K, 1, 2, 3, 4, 5, 6, 7, 8",District,-87.7124701511,41.8526634881
609874,DIRKSEN,"8601 W Foster Ave, 60656",ES,"PK, K, 1, 2, 3, 4, 5, 6, 7, 8",District,-87.8410414421,41.9737147779
609875,DARWIN,"3116 W Belden Ave, 60647",ES,"PK, K, 1, 2, 3, 4, 5, 6, 7, 8",District,-87.7054129132,41.9233227179
609876,"DAVIS, N","3014 W 39th Pl, 60632",ES,"PK, K, 1, 2, 3, 4, 5, 6, 7, 8",District,-87.7002021606,41.821851615
609879,DAWES,"3810 W 81st Pl, 60652",ES,"PK, K, 1, 2, 3, 4, 5, 6, 7, 8",District,-87.7173534238,41.7450777522
609880,DECATUR,"7030 N Sacramento Ave, 60645",ES,"K, 1, 2, 3, 4, 5, 6",District,-87.7046185928,42.0092885575
609883,DENEEN,"7240 S Wabash Ave, 60619",ES,"PK, K, 1, 2, 3, 4, 5, 6, 7, 8",District,-87.6233445891,41.7624902646
609884,DEVER,"3436 N Osceola Ave, 60634",ES,"PK, K, 1, 2, 3, 4, 5, 6, 7, 8",District,-87.8131315249,41.9425516699
609885,DEWEY,"5415 S Union Ave, 60609",ES,"PK, K, 1, 2, 3, 4, 5, 6, 7, 8",District,-87.6426515781,41.7956456838
609887,DIXON,"8306 S Saint Lawrence Ave, 60619",ES,"PK, K, 1, 2, 3, 4, 5, 6, 7, 8",District,-87.6099788751,41.7436692422
609888,DODGE,"431 N Troy St, 60612",ES,"PK, K, 1, 2, 3, 4, 5, 6, 7, 8",District,-87.7037937354,41.8891841757
609891,DOOLITTLE,"535 E 35th St, 60616",ES,"PK, K, 1, 2, 3, 4, 5, 6, 7, 8",District,-87.6122745425,41.8311206292
609893,DORE,"6108 S Natoma Ave, 60638",ES,"PK, K, 1, 2, 3, 4, 5, 6, 7, 8",District,-87.7876044214,41.7809544643
609894,DRAKE,"2710 S Dearborn St, 60616",ES,"PK, K, 1, 2, 3, 4, 5, 6, 7, 8",District,-87.6285534468,41.8440433133
609895,TURNER-DREW,"9300 S Princeton Ave, 60620",ES,"K, 1, 2, 3, 4, 5, 6, 7, 8",District,-87.6301644792,41.7256092162
609896,DRUMMOND,"1845 W Cortland St, 60622",ES,"PK, K, 1, 2, 3, 4, 5, 6, 7, 8",District,-87.6744945992,41.9159138022
609897,EARLE,"2040 W 62nd St, 60636",ES,"PK, K, 1, 2, 3, 4, 5, 6, 7, 8",District,-87.6755466606,41.7812251731
609898,EBERHART,"3400 W 65th Pl, 60629",ES,"PK, K, 1, 2, 3, 4, 5, 6, 7, 8",District,-87.707952634,41.7744204524
609899,EBINGER,"7350 W Pratt Ave, 60631",ES,"K, 1, 2, 3, 4, 5, 6, 7, 8",District,-87.8111697846,42.0044079217
609900,CURTIS,"32 E 115th St, 60628",ES,"PK, K, 1, 2, 3, 4, 5, 6, 7, 8",District,-87.6216526077,41.6854184004
609901,EDGEBROOK,"6525 N Hiawatha Ave, 60646",ES,"K, 1, 2, 3, 4, 5, 6, 7, 8",District,-87.7618404749,41.9994368337
609902,METCALFE,"12339 S Normal Ave, 60628",ES,"PK, K, 1, 2, 3, 4, 5, 6, 7, 8",District,-87.6343055215,41.6694440228
609903,EDWARDS,"4815 S Karlov Ave, 60632",ES,"PK, K, 1, 2, 3, 4, 5, 6, 7, 8",District,-87.7258561778,41.8055415402
609904,ELLINGTON,"243 N Parkside Ave, 60644",ES,"PK, K, 1, 2, 3, 4, 5, 6, 7, 8",District,-87.7665893774,41.8855295806
609907,ERICSON,"3600 W 5th Ave, 60624",ES,"PK, K, 1, 2, 3, 4, 5, 6, 7, 8",District,-87.7158044313,41.8757441232
609908,ESMOND,"1865 W Montvale Ave, 60643",ES,"PK, K, 1, 2, 3, 4, 5, 6, 7, 8",District,-87.6691586697,41.6894196067
609909,EVERETT,"3419 S Bell Ave, 60608",ES,"PK, K, 1, 2, 3, 4, 5",District,-87.681310304,41.8315551612
609910,FALCONER,"3020 N Lamon Ave, 60641",ES,"PK, K, 1, 2, 3, 4, 5, 6",District,-87.7493306251,41.9357845742
609912,FARNSWORTH,"5414 N Linder Ave, 60630",ES,"PK, K, 1, 2, 3, 4, 5, 6, 7, 8",District,-87.7660716577,41.9797900559
609917,FERNWOOD,"10041 S Union Ave, 60628",ES,"PK, K, 1, 2, 3, 4, 5, 6, 7, 8",District,-87.640413646,41.7111836227
609918,FIELD,"7019 N Ashland Ave, 60626",ES,"4, 5, 6, 7, 8",District,-87.6699854012,42.0096638553
609919,FISKE,"6020 S Langley Ave, 60637",ES,"PK, K, 1, 2, 3, 4, 5, 6, 7, 8",District,-87.6086328968,41.7851828168
609920,KANOON,"2233 S Kedzie Ave, 60623",ES,"PK, K, 1, 2, 3, 4, 5, 6, 7, 8",District,-87.7051120774,41.850771484
609921,TELPOCHCALLI,"2832 W 24th Blvd, 60623",ES,"PK, K, 1, 2, 3, 4, 5, 6, 7, 8",District,-87.6960058794,41.8479474326
609922,BELMONT-CRAGIN,"5252 W Palmer St, 60639",ES,"PK, K, 1, 2, 3, 4, 5, 6, 7, 8",District,-87.7568429035,41.920150047
609924,FORT DEARBORN,"9025 S Throop St, 60620",ES,"PK, K, 1, 2, 3, 4, 5, 6, 7, 8",District,-87.6554811604,41.7296726751
609925,KELLMAN,"3030 W Arthington St, 60612",ES,"PK, K, 1, 2, 3, 4, 5, 6, 7, 8",District,-87.7021629045,41.8701677176
609926,FRANKLIN,"225 W Evergreen Ave, 60610",ES,"K, 1, 2, 3, 4, 5, 6, 7, 8",District,-87.6355128103,41.9065999905
609927,FOSTER PARK,"8530 S Wood St, 60620",ES,"PK, K, 1, 2, 3, 4, 5, 6, 7, 8",District,-87.6680993119,41.7384254778
609928,FULLER,"4214 S St Lawrence Ave, 60653",ES,"PK, K, 1, 2, 3, 4, 5, 6, 7, 8",District,-87.6117840427,41.8180034037
609929,FULTON,"5300 S Hermitage Ave, 60609",ES,"PK, K, 1, 2, 3, 4, 5, 6, 7, 8",District,-87.6684358814,41.7975802712
609930,FUNSTON,"2010 N Central Park Ave, 60647",ES,"PK, K, 1, 2, 3, 4, 5, 6, 7, 8",District,-87.7168916649,41.9176165144
609933,GALE,"1631 W Jonquil Ter, 60626",ES,"PK, K, 1, 2, 3, 4, 5, 6, 7, 8",District,-87.6719389761,42.0210905582
609935,GALLISTEL,"10347 S Ewing Ave, 60617",ES,"PK, K, 1, 2, 3, 4, 5, 6, 7, 8",District,-87.5351753062,41.7068009998
609937,GARVY,"5225 N Oak Park Ave, 60656",ES,"K, 1, 2, 3, 4, 5, 6, 7, 8",District,-87.7962351135,41.9763516642
609938,GARY,"3740 W 31st St, 60623",ES,"PK, 3, 4, 5, 6, 7, 8",District,-87.7186966352,41.8370651521
609939,GILLESPIE,"9301 S State St, 60619",ES,"PK, K, 1, 2, 3, 4, 5, 6, 7, 8",District,-87.6237194379,41.7253322795
609941,RANDOLPH,"7316 S Hoyne Ave, 60636",ES,"PK, K, 1, 2, 3, 4, 5, 6, 7, 8",District,-87.6759655137,41.760614128
609942,GOETHE,"2236 N Rockwell St, 60647",ES,"PK, K, 1, 2, 3, 4, 5, 6, 7, 8",District,-87.6928996958,41.9228310077
609943,OWENS,"12302 S State St, 60628",ES,"PK, K, 1, 2, 3, 4, 5, 6, 7, 8",District,-87.6225456611,41.6706175402
609944,GRISSOM,"12810 S Escanaba Ave, 60633",ES,"PK, K, 1, 2, 3, 4, 5, 6, 7, 8",District,-87.5533067097,41.662480999
609945,GOUDY,"5120 N Winthrop Ave, 60640",ES,"PK, K, 1, 2, 3, 4, 5, 6, 7, 8",District,-87.6579124929,41.9758165306
609947,GRAHAM,"4436 S Union Ave, 60609",ES,"PK, K, 1, 2, 3, 4, 5, 6, 7, 8",District,-87.6433442353,41.8133037295
609949,"GRAY, W","3730 N Laramie Ave, 60641",ES,"PK, K, 1, 2, 3, 4, 5, 6, 7, 8",District,-87.7571155988,41.9487635797
609950,ORTIZ DE DOMINGUEZ,"3000 S Lawndale Ave, 60623",ES,"PK, K, 1, 2",District,-87.7171903206,41.8387905205
609951,ARIEL,"1119 E 46th St, 60653",ES,"PK, K, 1, 2, 3, 4, 5, 6, 7, 8",District,-87.5975029314,41.8111734622
609952,GREENE,"3525 S Honore St, 60609",ES,"PK, K, 1, 2, 3, 4, 5",District,-87.6714923698,41.8296692818
609954,GREGORY,"3715 W Polk St, 60624",ES,"PK, K, 1, 2, 3, 4, 5, 6, 7, 8",District,-87.7186661287,41.8707421629
609955,GRESHAM,"8524 S Green St, 60620",ES,"PK, K, 1, 2, 3, 4, 5, 6, 7, 8",District,-87.6450252379,41.7389201582
609956,GRIMES,"5450 W 64th Pl, 60638",ES,"PK, K, 1, 2, 3, 4, 5, 6, 7, 8",District,-87.7588032937,41.7754642618
609958,GUNSAULUS,"4420 S Sacramento Ave, 60632",ES,"PK, K, 1, 2, 3, 4, 5, 6, 7, 8",District,-87.6993641852,41.8130073703
609959,HAINES,"247 W 23rd Pl, 60616",ES,"PK, K, 1, 2, 3, 4, 5, 6, 7, 8",District,-87.6338063315,41.8499583158
609960,HALE,"6140 S Melvina Ave, 60638",ES,"PK, K, 1, 2, 3, 4, 5, 6, 7, 8",District,-87.7765787091,41.7801917323
609961,HEROES,"8344 S Commercial Ave, 60617",ES,"PK, K, 1, 2, 3, 4, 5, 6, 7, 8",District,-87.5518617191,41.7437530837
609963,HAMILTON,"1650 W Cornelia Ave, 60657",ES,"PK, K, 1, 2, 3, 4, 5, 6, 7, 8",District,-87.6708653735,41.9452196546
609964,HAMLINE,"4747 S Bishop St, 60609",ES,"PK, K, 1, 2, 3, 4, 5, 6, 7, 8",District,-87.6611746594,41.8072415579
609966,HAMMOND,"2819 W 21st Pl, 60623",ES,"PK, K, 1, 2, 3, 4, 5, 6, 7, 8",District,-87.6962433006,41.8527191348
609967,FINKL,"2332 S Western Ave, 60608",ES,"PK, K, 1, 2, 3, 4, 5, 6, 7, 8",District,-87.6856678431,41.8492149059
609968,MCAULIFFE,"1841 N Springfield Ave, 60647",ES,"PK, K, 1, 2, 3, 4, 5, 6, 7, 8",District,-87.7239311319,41.9148163419
609969,HARTE,"1556 E 56th St, 60637",ES,"PK, K, 1, 2, 3, 4, 5, 6, 7, 8",District,-87.5868545968,41.7934472441
609971,HARVARD,"7525 S Harvard, 60620",ES,"PK, K, 1, 2, 3, 4, 5, 6, 7, 8",District,-87.6327368738,41.7573405423
609972,HAUGAN,"4540 N Hamlin Ave, 60625",ES,"PK, K, 1, 2, 3, 4, 5, 6",District,-87.7231280352,41.9640287096
609973,ZAPATA,"2728 S Kostner Ave, 60623",ES,"PK, K, 1, 2, 3, 4, 5, 6, 7, 8",District,-87.7343133242,41.8413938044
609974,HAWTHORNE,"3319 N Clifton Ave, 60657",ES,"K, 1, 2, 3, 4, 5, 6, 7, 8",District,-87.6577088769,41.9422754889
609975,HAY,"1018 N Laramie Ave, 60651",ES,"PK, K, 1, 2, 3, 4, 5, 6, 7, 8",District,-87.7558132531,41.8991713561
609976,HAYT,"1518 W Granville Ave, 60660",ES,"PK, K, 1, 2, 3, 4, 5, 6, 7, 8",District,-87.6685037745,41.9945408867
609977,WOODLAWN,"6657 S Kimbark Ave, 60637",ES,"PK, K, 1, 2, 3, 4, 5, 6",District,-87.594391996,41.773365532
609978,SMITH,"744 E 103rd St, 60628",ES,"PK, K, 1, 2, 3, 4, 5, 6, 7, 8",District,-87.6046604085,41.7075576174
609979,HEALY,"3010 S Parnell Ave, 60616",ES,"PK, K, 1, 2, 3, 4, 5, 6, 7, 8",District,-87.6403407501,41.8395948563
609981,HEARST,"4640 S Lamon Ave, 60638",ES,"PK, K, 1, 2, 3, 4, 5, 6, 7, 8",District,-87.7457260572,41.8081750003
609983,HEDGES,"4747 S Winchester Ave, 60609",ES,"PK, K, 1, 2, 3, 4, 5, 6, 7, 8",District,-87.6733272594,41.807112132
609985,HEFFERAN,"4409 W Wilcox St, 60624",ES,"PK, K, 1, 2, 3, 4, 5, 6, 7, 8",District,-87.735801894,41.8786646473
609986,HENDERSON,"5650 S Wolcott Ave, 60636",ES,"PK, K, 1, 2, 3, 4, 5, 6, 7, 8",District,-87.6718873069,41.7905912872
609987,HENDRICKS,"4316 S Princeton Ave, 60609",ES,"PK, K, 1, 2, 3, 4, 5, 6, 7, 8",District,-87.633664477,41.8157877519
609988,HENRY,"4250 N Saint Louis Ave, 60618",ES,"PK, K, 1, 2, 3, 4, 5, 6",District,-87.7156323718,41.9589887977
609990,SOUTH LOOP,"1212 S Plymouth Ct, 60605",ES,"PK, K, 1, 2, 3, 4, 5, 6, 7, 8",District,-87.628615004,41.8668745064
609991,HERZL,"3711 W Douglas Blvd, 60623",ES,"PK, K, 1, 2, 3, 4, 5, 6, 7, 8",District,-87.718993854,41.8620812968
609993,LARA,"4619 S Wolcott Ave, 60609",ES,"PK, K, 1, 2, 3, 4, 5, 6, 7, 8",District,-87.6721815932,41.8097702973
609994,HIBBARD,"3244 W Ainslie St, 60625",ES,"PK, K, 1, 2, 3, 4, 5, 6",District,-87.7103616136,41.9703352353
609995,HITCH,"5625 N McVicker Ave, 60646",ES,"PK, K, 1, 2, 3, 4, 5, 6, 7, 8",District,-87.7791230522,41.9836716963
609996,HOLDEN,"1104 W 31st St, 60608",ES,"PK, K, 1, 2, 3, 4, 5, 6, 7, 8",District,-87.6537916682,41.8380273882
609997,HOLMES,"955 W Garfield Blvd, 60621",ES,"PK, K, 1, 2, 3, 4, 5, 6, 7, 8",District,-87.6497953559,41.7937876495
610000,HOWE,"720 N Lorel Ave, 60644",ES,"PK, K, 1, 2, 3, 4, 5, 6, 7, 8",District,-87.7593983848,41.8936122116
610002,HOYNE,"8905 S Crandon Ave, 60617",ES,"K, 1, 2, 3, 4, 5, 6, 7, 8",District,-87.5682281011,41.7333377526
610003,CUFFE,"8324 S Racine Ave, 60620",ES,"PK, K, 1, 2, 3, 4, 5, 6, 7, 8",District,-87.6536334476,41.7424516276
610004,CULLEN,"10650 S Eberhart Ave, 60628",ES,"K, 1, 2, 3, 4, 5, 6, 7, 8",District,-87.6112444583,41.7003351419
610005,"HUGHES, C","4247 W 15th St, 60623",ES,"PK, K, 1, 2, 3, 4, 5, 6, 7, 8",District,-87.731777387,41.8605177384
610006,HURLEY,"3849 W 69th Pl, 60629",ES,"PK, K, 1, 2, 3, 4, 5, 6, 7, 8",District,-87.7195408323,41.7667852817
610009,GALILEO,"820 S Carpenter St, 60607",ES,"K, 1, 2, 3, 4, 5, 6, 7, 8",District,-87.6533655527,41.8712548243
610010,JAHN,"3149 N Wolcott Ave, 60657",ES,"PK, K, 1, 2, 3, 4, 5, 6, 7, 8",District,-87.6758097189,41.939247497
610011,JAMIESON,"5650 N Mozart St, 60659",ES,"PK, K, 1, 2, 3, 4, 5, 6, 7, 8",District,-87.7005294202,41.9846407763
610012,JENNER,"1119 N Cleveland Ave, 60610",ES,"PK, K, 1, 2, 3, 4, 5, 6, 7, 8",District,-87.6410555598,41.9020548417
610013,PILSEN,"1420 W 17th St, 60608",ES,"PK, K, 1, 2, 3, 4, 5, 6, 7, 8",District,-87.6622094335,41.8588488763
610015,JUNGMAN,"1746 S Miller St, 60608",ES,"PK, K, 1, 2, 3, 4, 5, 6, 7, 8",District,-87.6523015944,41.8580647771
610016,KELLOGG,"9241 S Leavitt St, 60620",ES,"K, 1, 2, 3, 4, 5, 6, 7, 8",District,-87.6772325066,41.7252634398
610017,SAUCEDO,"2850 W 24th Blvd, 60623",ES,"PK, K, 1, 2, 3, 4, 5, 6, 7, 8",District,-87.697315538,41.8479407166
610019,KERSHAW,"6450 S Lowe Ave, 60621",ES,"PK, K, 1, 2, 3, 4, 5, 6, 7, 8",District,-87.6408920253,41.7764528106
610021,CASALS,"3501 W Potomac Ave, 60651",ES,"PK, K, 1, 2, 3, 4, 5, 6, 7, 8",District,-87.7142336469,41.904502765
610022,KILMER,"6700 N Greenview Ave, 60626",ES,"PK, K, 1, 2, 3, 4, 5, 6, 7, 8",District,-87.6682224667,42.0036404629
610024,CARDENAS,"2345 S Millard Ave, 60623",ES,"PK, K, 1, 2, 3",District,-87.7160174071,41.8484877708
610026,KINZIE,"5625 S Mobile Ave, 60638",ES,"PK, K, 1, 2, 3, 4, 5, 6, 7, 8",District,-87.7794826001,41.7899646348
610027,KIPLING,"9351 S Lowe Ave, 60620",ES,"K, 1, 2, 3, 4, 5, 6, 7, 8",District,-87.6395207214,41.723626906
610029,LOZANO,"1501 N Greenview Ave, 60642",ES,"PK, K, 1, 2, 3, 4, 5, 6, 7, 8",District,-87.6650932725,41.908886128
610030,KOZMINSKI,"936 E 54th St, 60615",ES,"PK, K, 1, 2, 3, 4, 5, 6, 7, 8",District,-87.6024814476,41.798001878
610032,GREEN,"1150 W 96th St, 60643",ES,"PK, K, 1, 2, 3, 4, 5, 6, 7, 8",District,-87.6525001397,41.7192919481
610033,LASALLE,"1734 N Orleans St, 60614",ES,"K, 1, 2, 3, 4, 5, 6, 7, 8",District,-87.6375648638,41.913899533
610034,LAWNDALE,"3500 W Douglas Blvd, 60623",ES,"PK, K, 1, 2, 3, 4, 5, 6, 7, 8",District,-87.7129567869,41.8629600248
610036,LEWIS,"1431 N Leamington Ave, 60651",ES,"PK, K, 1, 2, 3, 4, 5, 6, 7, 8",District,-87.7545499505,41.9068260506
610037,LIBBY,"5300 S Loomis Blvd, 60609",ES,"K, 1, 2, 3, 4, 5, 6, 7, 8",District,-87.6599328174,41.7976848326
610038,LINCOLN,"615 W Kemper Pl, 60614",ES,"K, 1, 2, 3, 4, 5, 6, 7, 8",District,-87.6444973036,41.9245248165
610039,VON LINNE,"3221 N Sacramento Ave, 60618",ES,"PK, K, 1, 2, 3, 4, 5, 6, 7, 8",District,-87.7026346744,41.94000928
610040,LLOYD,"2103 N Lamon Ave, 60639",ES,"PK, K, 1, 2, 3, 4, 5",District,-87.7485150133,41.9188140963
610041,"LOCKE, J","2828 N Oak Park Ave, 60634",ES,"PK, K, 1, 2, 3, 4, 5, 6, 7, 8",District,-87.7956040707,41.9317623545
610043,LOVETT,"6333 W Bloomingdale Ave, 60639",ES,"PK, K, 1, 2, 3, 4, 5, 6, 7, 8",District,-87.7839188472,41.9127180272
610044,LOWELL,"3320 W Hirsch St, 60651",ES,"PK, K, 1, 2, 3, 4, 5, 6, 7, 8",District,-87.7102170022,41.9065195916
610046,LYON,"2941 N McVicker Ave, 60634",ES,"K, 1, 2, 3, 4, 5, 6, 7, 8",District,-87.7771741985,41.934192163
610047,MADISON,"7433 S Dorchester Ave, 60619",ES,"PK, K, 1, 2, 3, 4, 5, 6, 7, 8",District,-87.5907123955,41.7595480605
610048,MANIERRE,"1420 N Hudson Ave, 60610",ES,"PK, K, 1, 2, 3, 4, 5, 6, 7, 8",District,-87.6398265131,41.9082468827
610051,NORTHWEST,"5252 W Palmer St, 60639",ES,"6, 7, 8",District,-87.7581542565,41.9201547704
610052,MANN,"8050 S Chappel Ave, 60617",ES,"PK, K, 1, 2, 3, 4, 5, 6, 7, 8",District,-87.5748156376,41.748274128
610053,MARQUETTE,"6550 S Richmond St, 60629",ES,"PK, K, 1, 2, 3, 4, 5, 6, 7, 8",District,-87.6970297997,41.7738810803
610054,MARSH,"9822 S Exchange Ave, 60617",ES,"PK, K, 1, 2, 3, 4, 5, 6, 7, 8",District,-87.5524834263,41.7165880149
610055,FARADAY,"3250 W Monroe St, 60624",ES,"PK, K, 1, 2, 3, 4, 5, 6, 7, 8",District,-87.7080920199,41.8797135916
610056,MASON,"4217 W 18th St, 60623",ES,"PK, K, 1, 2, 3, 4, 5, 6, 7, 8",District,-87.7316724333,41.8568637007
610057,FAIRFIELD,"6201 S Fairfield Ave, 60629",ES,"PK, K, 1, 2, 3, 4, 5, 6, 7, 8",District,-87.6921150641,41.7809038986
610059,MAYER,"2250 N Clifton Ave, 60614",ES,"PK, K, 1, 2, 3, 4, 5, 6, 7, 8",District,-87.6572874387,41.9232035225
610060,"JACKSON, A","1340 W Harrison St, 60607",ES,"K, 1, 2, 3, 4, 5, 6, 7, 8",District,-87.660984672,41.8742996388
610062,MCCLELLAN,"3527 S Wallace St, 60609",ES,"PK, K, 1, 2, 3, 4, 5, 6, 7, 8",District,-87.6411025749,41.8299928633
610063,MCCORMICK,"2712 S Sawyer Ave, 60623",ES,"PK, K, 1, 2, 3, 4, 5",District,-87.7063000924,41.8422671657
610065,TILL,"6543 S Champlain Ave, 60637",ES,"PK, K, 1, 2, 3, 4, 5, 6, 7, 8",District,-87.6093572107,41.7754238441
610066,MCDADE,"8801 S Indiana Ave, 60619",ES,"K, 1, 2, 3, 4, 5, 6",District,-87.6192144433,41.7345499085
610067,MCKAY,"6901 S Fairfield Ave, 60629",ES,"PK, K, 1, 2, 3, 4, 5, 6, 7, 8",District,-87.6917865024,41.768142765
610068,HANSON PARK,"5411 W Fullerton Ave, 60639",ES,"PK, K, 1, 2, 3, 4, 5, 6, 7, 8",District,-87.761514771,41.9239552583
610070,MCPHERSON,"4728 N Wolcott Ave, 60640",ES,"PK, K, 1, 2, 3, 4, 5, 6, 7, 8",District,-87.6762882527,41.9678468682
610073,MITCHELL,"2233 W Ohio St, 60612",ES,"PK, K, 1, 2, 3, 4, 5, 6, 7, 8",District,-87.6831845865,41.8920821664
610074,MONROE,"3651 W Schubert Ave, 60647",ES,"PK, K, 1, 2, 3, 4, 5, 6, 7, 8",District,-87.7192237512,41.9299886036
610075,MONTEFIORE,"1310 S Ashland Ave, 60608",ES,8,District,-87.6664442314,41.8647241544
610076,MOOS,"1711 N California Ave, 60647",ES,"PK, K, 1, 2, 3, 4, 5, 6, 7, 8",District,-87.6969413866,41.9125054837
610077,MORRILL,"6011 S Rockwell St, 60629",ES,"PK, K, 1, 2, 3, 4, 5, 6, 7, 8",District,-87.6885492556,41.784313282
610078,INTER-AMERICAN,"851 W Waveland Ave, 60613",ES,"PK, K, 1, 2, 3, 4, 5, 6, 7, 8",District,-87.6515733418,41.9490033007
610081,SHERIDAN,"533 W 27th St, 60616",ES,"K, 1, 2, 3, 4, 5, 6, 7, 8",District,-87.6413398053,41.8444001593
610082,MOUNT GREENWOOD,"10841 S Homan Ave, 60655",ES,"K, 1, 2, 3, 4, 5, 6, 7, 8",District,-87.7058099453,41.6957338625
610083,BEARD,"6445 W Strong St, 60656",ES,"PK, K",District,-87.7896303313,41.9701248828
610084,KELLER,"3020 W 108th St, 60655",ES,"1, 2, 3, 4, 5, 6, 7, 8",District,-87.6972783365,41.6971703346
610086,MOUNT VERNON,"10540 S Morgan St, 60643",ES,"PK, K, 1, 2, 3, 4, 5, 6, 7, 8",District,-87.6476524864,41.7019521175
610087,BLAIR,"6751 W 63rd Pl, 60638",ES,PK,District,-87.7906044249,41.7765562702
610088,MOZART,"2200 N Hamlin Ave, 60647",ES,"PK, K, 1, 2, 3, 4, 5, 6, 7, 8",District,-87.7218881442,41.9209096496
610089,MURPHY,"3539 W Grace St, 60618",ES,"PK, K, 1, 2, 3, 4, 5, 6, 7, 8",District,-87.7168318549,41.9500777536
610090,MURRAY,"5335 S Kenwood Ave, 60615",ES,"K, 1, 2, 3, 4, 5, 6, 7, 8",District,-87.5933404059,41.798535485
610091,"BROWN, R","12607 S Union Ave, 60628",ES,"PK, K, 1, 2, 3, 4, 5, 6, 7, 8",District,-87.638957725,41.6648733502
610092,NASH,"4837 W Erie St, 60644",ES,"PK, K, 1, 2, 3, 4, 5, 6, 7, 8",District,-87.7479358786,41.891809751
610093,NEIL,"8555 S Michigan Ave, 60619",ES,"PK, K, 1, 2, 3, 4, 5, 6, 7, 8",District,-87.6209334548,41.7384065949
610094,NETTELHORST,"3252 N Broadway St, 60657",ES,"PK, K, 1, 2, 3, 4, 5, 6, 7, 8",District,-87.6445612217,41.9416365548
610095,NEWBERRY,"700 W Willow St, 60614",ES,"PK, K, 1, 2, 3, 4, 5, 6, 7, 8",District,-87.6459902518,41.9139472177
610096,NIGHTINGALE,"5250 S Rockwell St, 60632",ES,"PK, K, 1, 2, 3, 4, 5, 6, 7, 8",District,-87.6891388641,41.797714379
610097,NIXON,"2121 N Keeler Ave, 60639",ES,"PK, K, 1, 2, 3, 4, 5, 6",District,-87.7314200914,41.9195814532
610098,NOBEL,"4127 W Hirsch St, 60651",ES,"PK, K, 1, 2, 3, 4, 5, 6, 7, 8",District,-87.7299546321,41.9061551534
610099,NORWOOD PARK,"5900 N Nina Ave, 60631",ES,"PK, K, 1, 2, 3, 4, 5, 6, 7, 8",District,-87.8029794402,41.9881525067
610100,WEST PARK,"1425 N Tripp Ave, 60651",ES,"PK, K, 1, 2, 3, 4, 5, 6, 7, 8",District,-87.7324430962,41.9069072055
610102,OGLESBY,"7646 S Green St, 60620",ES,"PK, K, 1, 2, 3, 4, 5, 6, 7, 8",District,-87.6454694968,41.7546700633
610103,O'KEEFFE,"6940 S Merrill Ave, 60649",ES,"PK, K, 1, 2, 3, 4, 5, 6, 7, 8",District,-87.5728059552,41.7686023123
610104,ONAHAN,"6634 W Raven St, 60631",ES,"PK, K, 1, 2, 3, 4, 5, 6, 7, 8",District,-87.7931082556,41.9937903501
610105,ORIOLE PARK,"5424 N Oketo Ave, 60656",ES,"PK, K, 1, 2, 3, 4, 5, 6, 7, 8",District,-87.8120540393,41.9785013767
610106,PICCOLO,"1040 N Keeler Ave, 60651",ES,"PK, K, 1, 2, 3, 4, 5, 6, 7, 8",District,-87.7312605958,41.9001396559
610107,OTIS,"525 N Armour St, 60642",ES,"PK, K, 1, 2, 3, 4, 5, 6, 7, 8",District,-87.6654262361,41.8918060823
610108,O'TOOLE,"6550 S Seeley Ave, 60636",ES,"PK, K, 1, 2, 3, 4, 5, 6, 7, 8",District,-87.6748649999,41.7745710739
610109,OWEN,"8247 S Christiana Ave, 60652",ES,"K, 1, 2, 3, 4, 5, 6, 7, 8",District,-87.7057490873,41.7428499222
610110,"WELLS, I","249 E 37th St, 60653",ES,"PK, K, 1, 2, 3, 4, 5, 6, 7, 8",District,-87.61977966,41.8273552668
610111,PALMER,"5051 N Kenneth Ave, 60630",ES,"PK, K, 1, 2, 3, 4, 5, 6, 7, 8",District,-87.7392129453,41.9732893936
610112,PARKER,"6800 S Stewart Ave, 60621",ES,"PK, K, 1, 2, 3, 4, 5, 6, 7, 8",District,-87.6340858564,41.7707797959
610115,PARK MANOR,"7037 S Rhodes Ave, 60637",ES,"PK, K, 1, 2, 3, 4, 5, 6, 7, 8",District,-87.6115455929,41.7664765437
610116,PARKSIDE,"6938 S East End Ave, 60649",ES,"PK, K, 1, 2, 3, 4, 5, 6, 7, 8",District,-87.5829543833,41.7685551906
610117,PASTEUR,"5825 S Kostner Ave, 60629",ES,"PK, K, 1, 2, 3, 4, 5, 6, 7, 8",District,-87.7326664551,41.7868953772
610120,PECK,"3826 W 58th St, 60629",ES,"PK, K, 1, 2, 3, 4, 5, 6, 7, 8",District,-87.719216261,41.7878989708
610121,IRVING,"749 S Oakley Blvd, 60612",ES,"PK, K, 1, 2, 3, 4, 5, 6, 7, 8",District,-87.6836156516,41.871595492
610122,PEIRCE,"1423 W Bryn Mawr Ave, 60660",ES,"PK, K, 1, 2, 3, 4, 5, 6, 7, 8",District,-87.6658500364,41.9834557926
610123,PENN,"1616 S Avers Ave, 60623",ES,"PK, K, 1, 2, 3, 4, 5, 6, 7, 8",District,-87.722385548,41.8583724201
610124,"WASHINGTON, H","9130 S University Ave, 60619",ES,"PK, K, 1, 2, 3, 4, 5, 6, 7, 8",District,-87.5962566161,41.728534143
610125,RUIZ,"2410 S Leavitt St, 60608",ES,"PK, K, 1, 2, 3, 4, 5, 6, 7, 8",District,-87.6807445353,41.8481009397
610126,PERSHING,"3200 S Calumet Ave, 60616",ES,"PK, K, 1, 2, 3, 4, 5, 6, 7, 8",District,-87.6183376541,41.8365269536
610127,PETERSON,"5510 N Christiana Ave, 60625",ES,"PK, K, 1, 2, 3, 4, 5, 6, 7, 8",District,-87.7125825774,41.9815571384
610128,GARVEY,"10309 S Morgan St, 60643",ES,"PK, K, 1, 2, 3, 4, 5, 6, 7, 8",District,-87.6475771653,41.7066028595
610129,PICKARD,"2301 W 21st Pl, 60608",ES,"PK, K, 1, 2, 3, 4, 5, 6, 7, 8",District,-87.683290743,41.852900395
610130,PIRIE,"650 E 85th St, 60619",ES,"PK, K, 1, 2, 3, 4, 5, 6",District,-87.6078911371,41.7403402338
610131,PLAMONDON,"2642 W 15th Pl, 60608",ES,"K, 1, 2, 3, 4, 5, 6, 7, 8",District,-87.6925257507,41.8602588993
610132,POE,"10538 S Langley Ave, 60628",ES,"K, 1, 2, 3, 4, 5, 6",District,-87.6064191738,41.7026300017
610133,"WARD, L","646 N Lawndale Ave, 60624",ES,"PK, K, 1, 2, 3, 4, 5, 6, 7, 8",District,-87.7187972928,41.8932356106
610135,PORTAGE PARK,"5330 W Berteau Ave, 60641",ES,"PK, K, 1, 2, 3, 4, 5, 6, 7, 8",District,-87.7610070039,41.9569876374
610136,PRESCOTT,"1632 W Wrightwood Ave, 60614",ES,"PK, K, 1, 2, 3, 4, 5, 6, 7, 8",District,-87.6695275037,41.9288411007
610137,PRUSSING,"4650 N Menard Ave, 60630",ES,"PK, K, 1, 2, 3, 4, 5, 6, 7, 8",District,-87.7724141663,41.9656190718
610138,PULASKI,"2230 W McLean Ave, 60647",ES,"PK, K, 1, 2, 3, 4, 5, 6, 7, 8",District,-87.6838014305,41.9184862786
610139,PULLMAN,"11311 S Forrestville Ave, 60628",ES,"PK, K, 1, 2, 3, 4, 5, 6, 7, 8",District,-87.6094309671,41.688819353
610141,RAVENSWOOD,"4332 N Paulina St, 60613",ES,"PK, K, 1, 2, 3, 4, 5, 6, 7, 8",District,-87.670922419,41.960745693
610142,RAY,"5631 S Kimbark Ave, 60637",ES,"PK, K, 1, 2, 3, 4, 5, 6, 7, 8",District,-87.5947520723,41.7923478809
610143,REAVIS,"834 E 50th St, 60615",ES,"PK, K, 1, 2, 3, 4, 5, 6, 7, 8",District,-87.60492543,41.804173792
610144,REILLY,"3650 W School St, 60618",ES,"PK, K, 1, 2, 3, 4, 5, 6, 7, 8",District,-87.7195405443,41.941093991
610145,REINBERG,"3425 N Major Ave, 60634",ES,"PK, K, 1, 2, 3, 4, 5, 6, 7, 8",District,-87.7689826184,41.9430188961
610146,REVERE,"1010 E 72nd St, 60619",ES,"PK, K, 1, 2, 3, 4, 5, 6, 7, 8",District,-87.6001768238,41.7641958647
610147,ROGERS,"7345 N Washtenaw Ave, 60645",ES,"PK, K, 1, 2, 3, 4, 5, 6, 7, 8",District,-87.6971853935,42.0152650462
610148,CHAVEZ,"4747 S Marshfield Ave, 60609",ES,"PK, K, 1, 2, 3, 4, 5, 6, 7, 8",District,-87.6660369339,41.8071428313
610152,RUGGLES,"7831 S Prairie Ave, 60619",ES,"PK, K, 1, 2, 3, 4, 5, 6, 7, 8",District,-87.6180664478,41.7519455763
610153,RYDER,"8716 S Wallace St, 60620",ES,"PK, K, 1, 2, 3, 4, 5, 6, 7, 8",District,-87.6388427003,41.7353793898
610155,SAUGANASH,"6040 N Kilpatrick Ave, 60646",ES,"K, 1, 2, 3, 4, 5, 6, 7, 8",District,-87.7459514446,41.9911692464
610157,SAWYER,"5248 S Sawyer Ave, 60632",ES,"K, 1, 2, 3, 4, 5, 6, 7, 8",District,-87.7050057809,41.7974982034
610158,SAYRE,"1850 N Newland Ave, 60707",ES,"PK, K, 1, 2, 3, 4, 5, 6, 7, 8",District,-87.7987207052,41.9141506305
610159,SCAMMON,"4201 W Henderson St, 60641",ES,"PK, K, 1, 2, 3, 4, 5, 6, 7, 8",District,-87.7321787773,41.9416776043
610163,STOCK,"7507 W Birchwood Ave, 60631",ES,PK,District,-87.8141946546,42.0168916418
610165,SCHUBERT,"2727 N Long Ave, 60639",ES,"PK, K, 1, 2, 3, 4, 5",District,-87.7611904688,41.9304033166
610167,SEWARD,"4600 S Hermitage Ave, 60609",ES,"PK, K, 1, 2, 3, 4, 5, 6, 7, 8",District,-87.668772011,41.8103332411
610170,COLUMBIA EXPLORERS,"4520 S Kedzie Ave, 60632",ES,"K, 1, 2, 3, 4, 5, 6, 7, 8",District,-87.7041985906,41.8110686097
610171,MIRELES,"9000 S Exchange Ave, 60617",ES,"PK, K, 1, 2, 3, 4, 5, 6, 7, 8",District,-87.552787944,41.7317169166
610172,SHERMAN,"1000 W 52nd St, 60609",ES,"PK, K, 1, 2, 3, 4, 5, 6, 7, 8",District,-87.650221446,41.7997662058
610173,SHERWOOD,"245 W 57th St, 60621",ES,"PK, K, 1, 2, 3, 4, 5, 6, 7, 8",District,-87.6322793817,41.7908002437
610174,SHIELDS,"4250 S Rockwell St, 60632",ES,"PK, K, 1, 2, 3, 4",District,-87.6896472357,41.8159094869
610175,SHOESMITH,"1330 E 50th St, 60615",ES,"K, 1, 2, 3, 4, 5, 6",District,-87.593904942,41.804294017
610176,SHOOP,"11140 S Bishop St, 60643",ES,"PK, K, 1, 2, 3, 4, 5, 6, 7, 8",District,-87.6586690525,41.6909188772
610177,SKINNER,"1260 W Adams St, 60607",ES,"PK, K, 1, 2, 3, 4, 5, 6, 7, 8",District,-87.6594189761,41.8791025434
610178,SCHMID,"9755 S Greenwood Ave, 60628",ES,"PK, K, 1, 2, 3, 4, 5, 6, 7, 8",District,-87.5969318814,41.7169888728
610179,SMYSER,"4310 N Melvina Ave, 60634",ES,"PK, K, 1, 2, 3, 4, 5, 6, 7, 8",District,-87.7819745381,41.9588680364
610180,SMYTH,"1059 W 13th St, 60608",ES,"PK, K, 1, 2, 3, 4, 5, 6, 7, 8",District,-87.653445027,41.8653510185
610182,SOLOMON,"6206 N Hamlin Ave, 60659",ES,"PK, K, 1, 2, 3, 4, 5, 6, 7, 8",District,-87.7240426332,41.9939423333
610183,SPENCER TECH ACAD,"214 N Lavergne Ave, 60644",ES,"PK, K, 1, 2, 3, 4, 5, 6, 7, 8",District,-87.7504447314,41.8848763988
610185,STEVENSON,"8010 S Kostner Ave, 60652",ES,"PK, K, 1, 2, 3, 4, 5, 6, 7, 8",District,-87.7316656847,41.7471068794
610188,DUNNE TECH ACAD,"10845 S Union Ave, 60628",ES,"PK, K, 1, 2, 3, 4, 5, 6, 7, 8",District,-87.6399736047,41.6964961639
610191,STONE,"6239 N Leavitt St, 60659",ES,"K, 1, 2, 3, 4, 5, 6, 7, 8",District,-87.6847927859,41.995359052
610192,STOWE,"3444 W Wabansia Ave, 60647",ES,"PK, K, 1, 2, 3, 4, 5, 6, 7, 8",District,-87.7133175011,41.9119380796
610193,NEW SULLIVAN,"8331 S Mackinaw Ave, 60617",ES,"PK, K, 1, 2, 3, 4, 5, 6, 7, 8",District,-87.5429276085,41.7438285246
610194,SUMNER,"4320 W 5th Ave, 60624",ES,"PK, K, 1, 2, 3, 4, 5, 6, 7, 8",District,-87.7335239513,41.8708283789
610195,SUTHERLAND,"10015 S Leavitt St, 60643",ES,"K, 1, 2, 3, 4, 5, 6, 7, 8",District,-87.6768211725,41.7114450709
610196,SWIFT,"5900 N Winthrop Ave, 60660",ES,"PK, K, 1, 2, 3, 4, 5, 6, 7, 8",District,-87.6582960797,41.989139061
610197,TALCOTT,"1840 W Ohio St, 60622",ES,"PK, K, 1, 2, 3, 4, 5, 6, 7, 8",District,-87.6737227242,41.892404612
610198,TAYLOR,"9912 S Avenue H, 60617",ES,"PK, K, 1, 2, 3, 4, 5, 6, 7, 8",District,-87.5329707673,41.7154703761
610199,COLEMON,"1441 W 119th St, 60643",ES,"PK, K, 1, 2, 3, 4, 5, 6, 7, 8",District,-87.6581108383,41.6775054472
610200,"THORP, J","8914 S Buffalo Ave, 60617",ES,"PK, K, 1, 2, 3, 4, 5, 6, 7, 8",District,-87.5442799761,41.7333242386
610201,"THORP, O","6024 W Warwick Ave, 60634",ES,"K, 1, 2, 3, 4, 5, 6, 7, 8",District,-87.7776312953,41.9485713119
610202,TILTON,"223 N Keeler Ave, 60624",ES,"PK, K, 1, 2, 3, 4, 5, 6, 7, 8",District,-87.730566385,41.8841022416
610203,TONTI,"5815 S Homan Ave, 60629",ES,"PK, K, 1, 2, 3, 4, 5",District,-87.708179184,41.7875232299
610206,TWAIN,"5134 S Lotus Ave, 60638",ES,"PK, K, 1, 2, 3, 4, 5, 6, 7, 8",District,-87.7589284013,41.7990463976
610207,VANDERPOEL,"9510 S Prospect Ave, 60643",ES,"K, 1, 2, 3, 4, 5, 6, 7, 8",District,-87.6655586219,41.7208170345
610208,LAVIZZO,"138 W 109th St, 60628",ES,"PK, K, 1, 2, 3, 4, 5, 6, 7, 8",District,-87.627147688,41.6962623476
610209,VOLTA,"4950 N Avers Ave, 60625",ES,"PK, K, 1, 2, 3, 4, 5, 6, 7, 8",District,-87.7246052243,41.9716340018
610212,ALBANY PARK,"4929 N Sawyer Ave, 60625",ES,"7, 8",District,-87.7106087883,41.971504444
610213,WADSWORTH,"6650 S Ellis Ave, 60637",ES,"PK, K, 1, 2, 3, 4, 5, 6, 7, 8",District,-87.6010181122,41.7734778983
610215,MADERO,"3202 W 28th St, 60623",ES,"6, 7, 8",District,-87.7050642603,41.8409569119
610216,WALSH,"2015 S Peoria St, 60608",ES,"PK, K, 1, 2, 3, 4, 5, 6, 7, 8",District,-87.6480861747,41.8548357478
610217,"WARD, J","2701 S Shields Ave, 60616",ES,"PK, K, 1, 2, 3, 4, 5, 6, 7, 8",District,-87.6353557886,41.8439800895
610218,WARREN,"9239 S Jeffery Ave, 60617",ES,"PK, K, 1, 2, 3, 4, 5, 6, 7, 8",District,-87.5753525491,41.7267629095
610219,"WASHINGTON, G","3611 E 114th St, 60617",ES,"PK, K, 1, 2, 3, 4, 5, 6, 7, 8",District,-87.5360152993,41.6881314842
610220,WATERS,"4540 N Campbell Ave, 60625",ES,"K, 1, 2, 3, 4, 5, 6, 7, 8",District,-87.6913325114,41.9643654045
610221,WEBSTER,"4055 W Arthington St, 60624",ES,"PK, K, 1, 2, 3, 4, 5, 6, 7, 8",District,-87.7275243748,41.8699158585
610223,WENTWORTH,"1340 W 71st St, 60636",ES,"PK, K, 1, 2, 3, 4, 5, 6, 7, 8",District,-87.6582048359,41.7650758968
610225,WHISTLER,"11533 S Ada St, 60643",ES,"PK, K, 1, 2, 3, 4, 5, 6, 7, 8",District,-87.6553838216,41.6839070103
610226,SANDOVAL,"5534 S Saint Louis Ave, 60629",ES,"PK, K, 1, 2, 3, 4, 5",District,-87.7109873322,41.7923460844
610227,WHITNEY,"2815 S Komensky Ave, 60623",ES,"PK, K, 1, 2, 3, 4, 5, 6, 7, 8",District,-87.7255456424,41.8400804275
610228,WHITTIER,"1900 W 23rd St, 60608",ES,"PK, K, 1, 2, 3, 4, 5, 6, 7, 8",District,-87.6733916546,41.8504808873
610229,PRITZKER,"2009 W Schiller St, 60622",ES,"PK, K, 1, 2, 3, 4, 5, 6, 7, 8",District,-87.6777609813,41.9070530053
610230,WILDWOOD,"6950 N Hiawatha Ave, 60646",ES,"K, 1, 2, 3, 4, 5, 6, 7, 8",District,-87.7783448617,42.0074906702
610231,NATIONAL TEACHERS,"55 W Cermak Rd, 60616",ES,"PK, K, 1, 2, 3, 4, 5, 6, 7, 8",District,-87.62930833,41.8527997704
610234,YATES,"1839 N Richmond St, 60647",ES,"PK, K, 1, 2, 3, 4, 5, 6, 7, 8",District,-87.700280313,41.9150385478
610235,YOUNG,"1434 N Parkside Ave, 60651",ES,"PK, K, 1, 2, 3, 4, 5, 6, 7, 8",District,-87.7671428455,41.9067905746
610237,BEETHOVEN,"25 W 47th St, 60609",ES,"PK, K, 1, 2, 3, 4, 5, 6, 7, 8",District,-87.6271368053,41.8091347579
610238,BOND,"7050 S May St, 60621",ES,"PK, K, 1, 2, 3, 4, 5, 6, 7, 8",District,-87.6530177864,41.7653605667
610239,DALEY,"5024 S Wolcott Ave, 60609",ES,"PK, K, 1, 2, 3, 4, 5, 6, 7, 8",District,-87.6722064019,41.8023428683
610242,BRENNEMANN,"4251 N Clarendon Ave, 60613",ES,"PK, K, 1, 2, 3, 4, 5, 6, 7, 8",District,-87.6497491648,41.9599841556
610244,CLARK HS,"5101 W Harrison St, 60644",HS,"8, 9, 10, 11, 12",District,-87.7533248719,41.8728850057
610245,DOUGLASS HS,"543 N Waller Ave, 60644",HS,"9, 10, 11, 12",District,-87.7676684561,41.8903686302
610246,BEASLEY,"5255 S State St, 60609",ES,"PK, K, 1, 2, 3, 4, 5, 6, 7, 8",District,-87.6256915787,41.7984649602
610248,CHICAGO ACAD ES,"3400 N Austin Ave, 60634",ES,"PK, K, 1, 2, 3, 4, 5, 6, 7, 8",District,-87.7781868032,41.9430559198
610249,TALMAN,"5450 S Talman Ave, 60632",ES,"PK, K, 1, 2, 3, 4, 5, 6, 7, 8",District,-87.6902608393,41.7940480512
610250,SALAZAR,"160 W Wendell St, 60610",ES,"PK, K, 1, 2, 3, 4, 5, 6, 7, 8",District,-87.6336324344,41.9014165347
610251,CATHER,"2908 W Washington Blvd, 60612",ES,"PK, K, 1, 2, 3, 4, 5, 6, 7, 8",District,-87.6991870086,41.882949925
610252,DETT,"2131 W Monroe St, 60612",ES,"PK, K, 1, 2, 3, 4, 5, 6, 7, 8",District,-87.6803149669,41.8798698213
610254,DVORAK TECH ACAD,"3615 W 16th St, 60623",ES,"PK, K, 1, 2, 3, 4, 5, 6, 7, 8",District,-87.7157435713,41.8588834469
610256,ROBINSON,"4225 S Lake Park Ave, 60653",ES,"PK, K, 1, 2, 3",District,-87.5990667713,41.8173493274
610257,MORTON,"431 N Troy St, 60612",ES,"PK, K, 1, 2, 3, 4, 5, 6, 7, 8",District,-87.7051078302,41.8891781349
610263,DULLES,"6311 S Calumet Ave, 60637",ES,"PK, K, 1, 2, 3, 4, 5, 6, 7, 8",District,-87.6172141793,41.7799004942
610268,ASHE,"8505 S Ingleside Ave, 60619",ES,"K, 1, 2, 3, 4, 5, 6, 7, 8",District,-87.6011744082,41.7401837914
610269,MCCUTCHEON,"4865 N Sheridan Rd, 60640",ES,"PK, K, 1, 2, 3, 4, 5, 6, 7, 8",District,-87.6547584482,41.9709490832
610271,JENSEN,"3030 W Harrison St, 60612",ES,"PK, K, 1, 2, 3, 4, 5, 6, 7, 8",District,-87.7022410528,41.8738149479
610274,JOHNSON,"1420 S Albany Ave, 60623",ES,"PK, K, 1, 2, 3, 4, 5, 6, 7, 8",District,-87.7031387624,41.8618361921
610276,MOLLISON,"4415 S Dr Martin L King Jr Dr, 60653",ES,"PK, K, 1, 2, 3, 4, 5, 6, 7, 8",District,-87.6166179444,41.8143582835
610279,TANNER,"7350 S Evans Ave, 60619",ES,"PK, K, 1, 2, 3, 4, 5, 6, 7, 8",District,-87.6067910349,41.7606726356
610281,POWELL,"7511 S South Shore Dr, 60649",ES,"K, 1, 2, 3, 4, 5, 6, 7, 8",District,-87.5567892487,41.7603318005
610282,MCNAIR,"4820 W Walton St, 60651",ES,"PK, K, 1, 2, 3, 4, 5, 6, 7, 8",District,-87.746730779,41.8978190697
610284,NEW FIELD,"1707 W Morse Ave, 60626",ES,"PK, K, 1, 2, 3",District,-87.6731683283,42.0077025712
610287,ASHBURN,"8300 S St Louis Ave, 60652",ES,"PK, K, 1, 2, 3, 4, 5, 6, 7, 8",District,-87.7096096819,41.7423505673
610290,MAYS,"6656 S Normal Blvd, 60621",ES,"PK, K, 1, 2, 3, 4, 5, 6, 7, 8",District,-87.6372773472,41.7727274978
610291,LEE,"6448 S Tripp Ave, 60629",ES,"PK, K, 1, 2, 3, 4, 5, 6, 7, 8",District,-87.7288842925,41.7753053877
610293,MELODY,"3937 W Wilcox St, 60624",ES,"PK, K, 1, 2, 3, 4, 5, 6, 7, 8",District,-87.724661231,41.8787989323
610295,HIGGINS,"11710 S Morgan St, 60643",ES,"PK, K, 1, 2, 3, 4, 5, 6, 7, 8",District,-87.6469940375,41.6810313706
610298,LENART,"8101 S LaSalle St, 60620",ES,"PK, K, 1, 2, 3, 4, 5, 6, 7, 8",District,-87.628040363,41.7471859185
610299,KING,"644 W 71st St, 60621",ES,"PK, K, 1, 2, 3, 4, 5, 6, 7, 8",District,-87.6413345402,41.76533498
610300,WESTCOTT,"409 W 80th St, 60620",ES,"PK, K, 1, 2, 3, 4, 5, 6, 7, 8",District,-87.6347505161,41.7488682257
610304,PHOENIX MILITARY HS,"145 S Campbell Ave, 60612",HS,"9, 10, 11, 12",District,-87.6869602185,41.8791182315
610305,LELAND,"512 S Lavergne Ave, 60644",ES,"PK, K, 1, 2, 3, 4, 5, 6, 7, 8",District,-87.7492755544,41.8735867806
610308,RUDOLPH,"110 N Paulina St, 60612",ES,PK,District,-87.669476709,41.8835681685
610312,MCDOWELL,"1419 E 89th St, 60619",ES,"PK, K, 1, 2, 3, 4, 5",District,-87.589589499,41.7331323137
610313,DIEGO,"1313 N Claremont Ave, 60622",ES,"PK, K, 1, 2, 3, 4, 5, 6, 7, 8",District,-87.6857562034,41.9052938538
610315,WHITE,"1136 W 122nd St, 60643",ES,"PK, K, 1, 2, 3, 4, 5, 6, 7, 8",District,-87.6505385419,41.672309407
610316,EARHART,"1710 E 93rd St, 60617",ES,"K, 1, 2, 3, 4, 5, 6, 7, 8",District,-87.582181738,41.7261074559
610317,BRIGHTON PARK,"3825 S Washtenaw Ave, 60632",ES,"PK, K, 1, 2, 3, 4, 5, 6, 7, 8",District,-87.6920769295,41.8239000009
610319,EVERGREEN MS,"3537 S Paulina St, 60609",ES,"6, 7, 8",District,-87.6678165117,41.8293556193
610321,"MARSHALL, T MS","3900 N Lawndale Ave, 60618",ES,"7, 8",District,-87.7199881166,41.952491861
610323,BOWEN HS,"2710 E 89th St, 60617",HS,"9, 10, 11, 12",District,-87.557550034,41.7346267209
610325,LOGANDALE MS,"3212 W George St, 60618",ES,"PK, K, 1, 2, 3, 4, 5, 6, 7, 8",District,-87.7080408766,41.9339701962
610329,OROZCO,"1940 W 18th St, 60608",ES,"PK, K, 1, 2, 3, 4, 5, 6, 7, 8",District,-87.6752104591,41.85775481
610334,RABY HS,"3545 W Fulton Blvd, 60624",HS,"9, 10, 11, 12",District,-87.7154231197,41.88621006
610339,STAGG,"7424 S Morgan St, 60621",ES,"PK, K, 1, 2, 3, 4, 5, 6, 7, 8",District,-87.6492166933,41.7589247326
610340,CHGO ACAD HS,"3400 N Austin Ave, 60634",HS,"9, 10, 11, 12",District,-87.776846566,41.9430544911
610342,SABIN,"2216 W Hirsch St, 60622",ES,"K, 1, 2, 3, 4, 5, 6, 7, 8",District,-87.6830499423,41.9068158102
610345,WOODSON,"4414 S Evans Ave, 60653",ES,"PK, K, 1, 2, 3, 4, 5, 6, 7, 8",District,-87.6084187686,41.8144987962
610347,CLAREMONT,"2300 W 64th St, 60636",ES,"PK, K, 1, 2, 3, 4, 5, 6, 7, 8",District,-87.6810611971,41.7775105082
610350,BLACK,"9101 S Euclid Ave, 60619",ES,"K, 1, 2, 3, 4, 5, 6, 7, 8",District,-87.5766429513,41.7296923617
610352,DURKIN PARK,"8445 S Kolin Ave, 60652",ES,"PK, K, 1, 2, 3, 4, 5, 6, 7, 8",District,-87.7299552926,41.7388439413
610353,CALMECA,"3456 W 38th St, 60632",ES,"PK, K, 1, 2, 3, 4, 5, 6, 7, 8",District,-87.7116536402,41.8243773278
610354,NORTH RIVER,"4416 N Troy St, 60625",ES,"PK, K, 1, 2, 3, 4, 5, 6, 7, 8",District,-87.7071507286,41.961721057
610355,COURTENAY,"4420 N Beacon St, 60640",ES,"PK, K, 1, 2, 3, 4, 5, 6, 7, 8",District,-87.663852963,41.9623077724
610357,SPRY HS,"2400 S Marshall Blvd, 60623",HS,"9, 10, 11",District,-87.6989461063,41.8477616953
610362,EVERS,"9811 S Lowe Ave, 60628",ES,"PK, K, 1, 2, 3, 4, 5, 6, 7, 8",District,-87.6393054686,41.7156653581
610363,DISNEY,"4140 N Marine Dr, 60613",ES,"PK, K, 1, 2, 3, 4, 5, 6, 7, 8",District,-87.6460827438,41.9568161312
610364,DUBOIS,"330 E 133rd St, 60827",ES,"PK, K, 1, 2, 3, 4, 5, 6, 7, 8",District,-87.6143200102,41.6537329819
610366,WACKER,"9746 S Morgan St, 60643",ES,"PK, K, 1, 2, 3, 4, 5, 6, 7, 8",District,-87.6480443235,41.7161932962
610367,DEPRIEST,"139 S Parkside Ave, 60644",ES,"PK, K, 1, 2, 3, 4, 5, 6, 7, 8",District,-87.7662975549,41.8779788337
610368,"HUGHES, L","240 W 104th St, 60628",ES,"PK, K, 1, 2, 3, 4, 5, 6, 7, 8",District,-87.6298686592,41.7053423221
610369,"JACKSON, M","917 W 88th St, 60620",ES,"PK, K, 1, 2, 3, 4, 5, 6, 7, 8",District,-87.6467667342,41.7341254726
610380,"WILLIAMS, D","4934 S Wabash Ave, 60615",HS,"9, 10, 11, 12",District,-87.6250299802,41.8061175974
610381,BRONZEVILLE HS,"4934 S Wabash Ave, 60615",HS,"9, 10, 11, 12",District,-87.6250044685,41.8052041708
610383,GREATER LAWNDALE HS,"3120 S Kostner Ave, 60623",HS,"9, 10, 11, 12",District,-87.7352994692,41.8335072748
610384,INFINITY HS,"3120 S Kostner Ave, 60623",HS,"9, 10, 11, 12",District,-87.7352779612,41.836168819
610385,MULTICULTURAL ACAD SCHOLARSHIP,"3120 S Kostner Ave, 60623",HS,"9, 10, 11, 12",District,-87.7352832975,41.8352818738
610386,PEACE AND EDUCATION HS,"4946 S Paulina St, 60609",HS,"10, 11, 12",District,-87.667377765,41.8035147161
610389,ORR HS,"730 N Pulaski Rd, 60624",HS,"9, 10, 11, 12",District,-87.7261663315,41.8944488267
610390,RICKOVER HS,"5900 N Glenwood Ave, 60660",HS,"9, 10, 11, 12",District,-87.6657885083,41.98902071
610391,LINDBLOM HS,"6130 S Wolcott Ave, 60636",HS,"7, 8, 9, 10, 11, 12",District,-87.6716618501,41.7820408035
610392,WORLD LANGUAGE HS,"3120 S Kostner Ave, 60623",HS,"9, 10, 11, 12",District,-87.7352922169,41.8343966176
610394,UPLIFT HS,"900 W Wilson Ave, 60640",HS,"9, 10, 11, 12",District,-87.652473346,41.9655474621
610396,TARKINGTON,"3330 W 71st St, 60629",ES,"PK, K, 1, 2, 3, 4, 5, 6, 7, 8",District,-87.7064446481,41.7644070762
610402,DEVRY HS,"3300 N Campbell Ave, 60618",HS,"11, 12",District,-87.6907613918,41.9413876402
610405,SUDER,"2022 W Washington Blvd, 60612",ES,"PK, K, 1, 2, 3, 4, 5, 6, 7, 8",District,-87.6776361121,41.8832145178
610499,COLLINS HS,"1313 S Sacramento Dr, 60623",HS,"9, 10, 11, 12",District,-87.7020415857,41.8641485679
610501,AUSTIN POLY HS,"231 N Pine Ave, 60644",HS,"9, 10, 11, 12",District,-87.7619089499,41.8851229442
610502,MARINE MILITARY HS,"145 S Campbell Ave, 60612",HS,"10, 11, 12",District,-87.6883137238,41.8791234596
610503,FRAZIER PROSPECTIVE,"4027 W Grenshaw St, 60624",ES,"K, 1, 2, 3, 4, 5, 6, 7, 8",District,-87.7272443786,41.8669796272
610504,THOMAS,"3625 S Hoyne Ave, 60609",ES,PK,District,-87.6775418498,41.8277749139
610506,TEAM HS,"6201 S Stewart Ave, 60621",HS,"9, 10, 11, 12",District,-87.6330187908,41.7814849041
610513,AIR FORCE HS,"3630 S Wells St, 60609",HS,"9, 10, 11, 12",District,-87.6327569828,41.8281453226
610518,VOISE HS,"231 N Pine Ave, 60644",HS,"9, 10, 11, 12",District,-87.7619163731,41.8859932875
610520,LASALLE II,"1148 N Honore St, 60622",ES,"PK, K, 1, 2, 3, 4, 5, 6, 7, 8",District,-87.6736960316,41.9029144575
610521,"DAVIS, M","6730 S Paulina St, 60636",ES,"K, 1, 2, 3, 4, 5, 6, 7, 8",District,-87.6665298837,41.7712211118
610523,EDISON PARK,"6220 N Olcott Ave, 60631",ES,"PK, K, 1, 2, 3, 4, 5, 6, 7, 8",District,-87.8137712342,41.9942379501
610524,ALCOTT PREP HS,"2957 N Hoyne Ave, 60618",HS,"9, 10, 11, 12",District,-87.6805620129,41.9357945563
610529,OGDEN HS,"1250 W Erie St, 60642",HS,"6, 7, 8, 9, 10, 11, 12",District,-87.6594046839,41.8935476382
610530,SOUTHSHORE,"1415 E 70th St, 60637",ES,"PK, K, 1, 2, 3, 4, 5, 6, 7, 8",District,-87.5903961019,41.7677551092
610532,HERNANDEZ MS,"3510 W 55th St, 60632",ES,"6, 7, 8",District,-87.7113699217,41.7934793304
610533,PRIETO,"2231 N Central Ave, 60639",ES,"PK, K, 1, 2, 3, 4, 5, 6, 7, 8",District,-87.7657805707,41.9213175827
610534,SKINNER NORTH,"640 W Scott St, 60610",ES,"K, 1, 2, 3, 4, 5, 6, 7",District,-87.6448414953,41.9051091196
610539,CAMRAS,"3000 N Mango Ave, 60634",ES,"PK, K, 1, 2, 3, 4, 5, 6, 7, 8",District,-87.7701272578,41.934930623
610541,LORCA,"3231 N Springfield Ave, 60618",ES,"PK, K, 1, 2, 3, 4, 5, 6, 7, 8",District,-87.7247831232,41.9400259138
610542,WEST RIDGE,"6700 N Whipple St, 60645",ES,"PK, K, 1, 2, 3, 4, 5, 6, 7, 8",District,-87.7059172054,42.0029589949
610543,SOLORIO HS,"5400 S St Louis Ave, 60632",HS,"9, 10, 11, 12",District,-87.7110588223,41.7952005555
610544,AZUELA,"4707 W Marquette Rd, 60629",ES,"PK, K, 1, 2, 3, 4, 5, 6, 7, 8",District,-87.7399202335,41.7710790731
610547,SOUTH SHORE INTL HS,"1955 E 75th St, 60649",HS,"9, 10, 11, 12",District,-87.5763526381,41.7587916633
610548,STEM ACADEMY,"1522 W Fillmore St, 60607",ES,"K, 1, 2, 3, 4, 5, 6",District,-87.6649691329,41.8685758796
610555,BANNER ACADEMY WEST HS,"819 N Leamington Ave, 60651",HS,"9, 10, 11, 12",ALOP,-87.7540640528,41.8956777254
610557,PATHWAYS IN EDUCATION HS,"3270 W 87th St, 60652",HS,"9, 10, 11, 12",ALOP,-87.7040600674,41.7352390227
610558,GOODE ACAD HS,"7651 S Homan Ave, 60652",HS,"9, 10, 11",District,-87.7073453478,41.7537498029
610559,SHIELDS MIDDLE,"2611 W 48th St, 60632",ES,"5, 6, 7, 8",District,-87.689779773,41.8064914112
610561,CRANE MEDICAL PREP HS,"2245 W Jackson Blvd, 60612",HS,"9, 10",District,-87.6833013467,41.8769474442
610563,BACK OF THE YARDS HS,"2111 W 47th St, 60609",HS,"9, 10",District,-87.6775413678,41.8084125436
610564,DISNEY II MAGNET HS,"3900 N Lawndale Ave, 60618",HS,"7, 8, 9, 10",District,-87.7213635115,41.9524876699
610565,EXCEL ACADEMY - ENGLEWOOD HS,"7141 S Morgan St, 60621",HS,"9, 10, 11",Contract,-87.6491243465,41.7638959739
610566,MAGIC JOHNSON ACADEMY- NORTH LAWNDALE HS,"3222 W Roosevelt Rd, 60624",HS,"9, 10, 11, 12",ALOP,-87.7066036763,41.8664778515
610567,MAGIC JOHNSON ACADEMY- ROSELAND HS,"10928 S. Halsted Ave, 60661",HS,"9, 10",ALOP,-87.6426969685,41.6951598398
610568,PATHWAYS IN EDUCATION - AVONDALE HS,"3100 W Belmont Ave, 60618",HS,"9, 10, 11, 12",ALOP,-87.7052063219,41.9394332097
610569,OMBUDSMAN - NORTHWEST HS,"7500 N Harlem Ave, 60631",HS,"9, 10, 11, 12",ALOP,-87.806681772,42.0171712394
610570,OMBUDSMAN - SOUTH HS,"6057 S. Western Ave, 60635",HS,9,ALOP,-87.683634531,41.7830265818
610571,OMBUDSMAN - WEST HS,"2401 W. Congress Pkwy, 60612",HS,"9, 10, 11, 12",ALOP,-87.6878422947,41.8746729951
610574,WINNIE MANDELA HS,"7847 S Jeffery Blvd, 60649",HS,"9, 10, 11, 12",ALOP,-87.5758830347,41.7520158821
610582,MAGIC JOHNSON ACADEMY-ENGLEWOOD HS,"845 W. 69th Street, 60621",HS,"9, 10, 11, 12",ALOP,-87.6462839759,41.7687290911
610580,MAGIC JOHNSON ACADEMY- HUMBOLDT PK HS,"2421 W. Division, 60622",HS,"9, 10, 11, 12",ALOP,-87.6878889935,41.9029250324
400168,GREAT LAKES CHTR,"8401 S Saginaw Ave, 60617",ES,"K, 1",Charter,-87.559906902,41.7426713822
610572,CAMELOT SAFE ACADEMY ES,"7877 S Coles Ave, 60603",ES,"6, 7, 8",Safe,-87.5505127594,41.7531171419
609774,ALCOTT ES,"2625 N Orchard St, 60614",ES,"PK, K, 1, 2, 3, 4, 5, 6, 7, 8",District,-87.6464131369,41.9298498527
610184,SPRY ES,"2400 S Marshall Blvd, 60623",ES,"PK, K, 1, 2, 3, 4, 5, 6, 7, 8",District,-87.7001844719,41.8477467228
610101,OGDEN ES,"24 W Walton St, 60610",ES,"PK, K, 1, 2, 3, 4, 5, 6, 7, 8, 9",District,-87.62929657,41.8999764899
610515,DISNEY II ES,"3815 N Kedvale Ave, 60641",ES,"PK, K, 1, 2, 3, 4, 5, 6, 7, 8, 9",District,-87.7306783758,41.9504605058
610573,CAMELOT SAFE ACADEMY HS,"7877 S Coles Ave, 60603",HS,"9, 10, 11, 12",Safe,-87.5518035521,41.7531149016